DBRep_DrawableShape

CASCADE Topology V1, (c) Matra-Datavision
Locations 0
Curve2ds 96
7 0 0  3 47 45  5.8364800050036747 14.369940536375889  5.8413647494198431 14.269155214927464  5.8511359078906304 14.067634784194754  5.8657961863955075 13.765462618206072  5.8804585688964082 13.46335706593068  5.8951215089917035 13.161275246024225  5.9097836983878782 12.859167120712186  5.9244435122490273 12.55698650061348  5.939099318708692 12.254684668592231  5.95374942607826 11.952211324403615  5.968392090974854 11.649514303883278  5.9830255098999894 11.346539624795517  5.9976478150031873 11.043231443423931  6.0122570684456171 10.739532033454559  6.0268512568567649 10.435381756867747  6.0414282853887729 10.130719036423589  6.0559859717540112 9.8254803216856299  6.0705220391008936 9.5196000712189655  6.0850341118303293 9.2130106684736965  6.0995196990019647 8.9056425786734739  6.1139762231217043 8.5974235886332053  6.1284010030733267 8.2882789134231665  6.1427912177058923 7.978131816922418  6.1571439193424853 7.666903124137642  6.1714560202989945 7.3545112839656586  6.1857242865166846 7.0408722924882312  6.1999453292065692 6.72589966066655  6.2141155967820367 6.4095043808772605  6.2282313670447165 6.091594890654819  6.2422887374531557 5.7720770857395234  6.2562836221537301 5.4508541756691411  6.2702117231866961 5.1278271568624376  6.2840685974937731 4.8028930101643548  6.297849362895394 4.4759514881560944  6.3115490390245528 4.1468971300432411  6.3251625073675823 3.8156198393843668  6.3386843217181923 3.4820093920161264  6.3521087547542665 3.1459543685575269  6.3654297826166992 2.8073426223704807  6.3786410875571695 2.4660613830256226  6.3917360577177664 2.1219975073421353  6.4047077890397448 1.7750377528197505  6.4175490916605211 1.4250690852637042  6.4302524878632115 1.0719791217232002  6.4428102525364084 0.7156563156025213  6.4510796221061533 0.4758796908873319  6.4551873588815436 0.35541603444126518 
 0 4 0.02029801203110132 1 0.04059602406220264 1 0.06089403609330396 1 0.081192048124405281 1 0.1014900601555066 1 0.12178807218660792 1 0.14208608421770924 1 0.16238409624881056 1 0.18268210827991188 1 0.2029801203110132 1 0.22327813234211452 1 0.24357614437321584 1 0.26387415640431716 1 0.28417216843541848 1 0.3044701804665198 1 0.32476819249762112 1 0.34506620452872244 1 0.36536421655982376 1 0.38566222859092508 1 0.4059602406220264 1 0.42625825265312772 1 0.44655626468422904 1 0.46685427671533036 1 0.48715228874643168 1 0.50745030077753306 1 0.52774831280863432 1 0.54804632483973559 1 0.56834433687083696 1 0.58864234890193834 1 0.6089403609330396 1 0.62923837296414087 1 0.64953638499524224 1 0.66983439702634362 1 0.69013240905744488 1 0.71043042108854615 1 0.73072843311964752 1 0.7510264451507489 1 0.77132445718185016 1 0.79162246921295143 1 0.81192048124405281 1 0.83221849327515418 1 0.85251650530625545 1 0.87281451733735671 1 0.89311252936845809 4
7 0 0  3 47 45  2.1484867873019895 27.930144002457759  2.1519750253622769 27.734252549923262  2.1589725436971818 27.342567238601042  2.1695311142304248 26.755250116626346  2.1801511573959509 26.168062465158872  2.1908318065478878 25.580920943641193  2.2015723938986973 24.993728283454377  2.2123720513806711 24.406394731790225  2.2232299351622875 23.818825594095905  2.2341451896695803 23.230923096878463  2.2451169551689074 22.642585844911739  2.2561443635331879 22.05370891431296  2.2672265370177689 21.464183767691978  2.2783625860549384 20.87389821094169  2.2895516071368993 20.282736333429117  2.3007926804270724 19.690578451625019  2.3120848673947343 19.097301041308548  2.3234272075736775 18.502776705202727  2.3348187176639863 17.906874011310396  2.3462583809133282 17.309457822207136  2.3577451721712821 16.710387784665389  2.3692780478629287 16.109518539738996  2.3808559193672609 15.506700943874732  2.3924776663605409 14.90178110284192  2.4041421289080129 14.294600506534314  2.4158481051056184 13.684995880067632  2.4275943471051953 13.072799121274178  2.439379557285537 12.457837233745348  2.4512023845796027 11.839932254144008  2.4630614190437807 11.218901275628127  2.4749551922003921 10.594556167570662  2.486882154824996 9.9667044956358861  2.4988407378402582 9.3351460327051665  2.5108290993863127 8.6996859338159176  2.5228454178458426 8.0601192232362813  2.5348878638987715 7.4162319117967304  2.5469544346264037 6.7678097568219977  2.5590429923611113 6.1146361968552307  2.5711512488321322 5.4564932598564679  2.5832767641412313 4.7931617622164202  2.5954169421727662 4.1244217942688248  2.6075690268317828 3.4500532508748147  2.6197301003348641 2.7698364303491965  2.6318970747253498 2.083552897730701  2.6440667112271314 1.3909858470643228  2.6521792626725493 0.92494385856403494  2.6562348360116252 0.69080459748819445 
 0 4 0.02029801203110132 1 0.04059602406220264 1 0.06089403609330396 1 0.081192048124405281 1 0.1014900601555066 1 0.12178807218660792 1 0.14208608421770924 1 0.16238409624881056 1 0.18268210827991188 1 0.2029801203110132 1 0.22327813234211452 1 0.24357614437321584 1 0.26387415640431716 1 0.28417216843541848 1 0.3044701804665198 1 0.32476819249762112 1 0.34506620452872244 1 0.36536421655982376 1 0.38566222859092508 1 0.4059602406220264 1 0.42625825265312772 1 0.44655626468422904 1 0.46685427671533036 1 0.48715228874643168 1 0.50745030077753306 1 0.52774831280863432 1 0.54804632483973559 1 0.56834433687083696 1 0.58864234890193834 1 0.6089403609330396 1 0.62923837296414087 1 0.64953638499524224 1 0.66983439702634362 1 0.69013240905744488 1 0.71043042108854615 1 0.73072843311964752 1 0.7510264451507489 1 0.77132445718185016 1 0.79162246921295143 1 0.81192048124405281 1 0.83221849327515418 1 0.85251650530625545 1 0.87281451733735671 1 0.89311252936845809 4
8 0 0.069709464807067162
7 0 0  7 8 2  6.4671709683066432 0  6.4427770806852527 0.73181662466545161  6.4175840682395817 1.4469539704986316  6.3917050676716451 2.1467761373239815  6.3652436197521949 2.8328046259755055  6.3382886617045386 3.5065589828938957  6.3109152123303973 4.1695132458283304  6.2831853071795862 4.8230854637602203 
 0 8 1 8
7 0 0  7 8 2  2.6681414963177272 0  2.6437476087600853 1.4223958447574356  2.6193158889164092 2.8123729986772594  2.5948970086466869 4.172582795247008  2.5705338096749943 5.5059825005183782  2.5462610028170642 6.8155255818977718  2.5221063471016434 8.1040770537817597  2.4980915447965084 9.3743931079711604 
 0 8 1 8
8 0.18398566112708492 1.9104094412661117
1 6.2831853071795862 0 1 0 
8 0 0.014515298258515032
7 0 0  8 37 6  8.1935947484457241 0  8.1649694405225173 0.85875924236221146  8.137413656111514 1.7402698874517473  8.1111119165978351 2.646227275325872  8.0862637105799244 3.5779615785753425  8.0630718172354889 4.5362073174327335  8.0417205502161568 5.5207108279496691  8.0223429977498704 6.5297506940046244  7.9931138498297987 8.2669854162978886  7.9821785089795014 8.984109186000051  7.9722253997640218 9.710350041375202  7.9632581865320233 10.444634466894266  7.9552632399312362 11.185849916876176  7.9482132135113197 11.932873929216823  7.9420712263217137 12.684607654559183  7.933803690383666 13.868088100001062  7.931090737875266 14.297382279530337  7.9286474293539024 14.727715975042878  7.9264652342582513 15.158933567675051  7.9245352516740457 15.590892540657331  7.9228484074985523 16.023464115604732  7.9213956123296949 16.456533758336157  7.9168351717573477 18.066660170996634  7.9151616241867861 19.245991368561025  7.9149651435393373 20.426343506092795  7.9160739751025648 21.606413508155878  7.9183370226640752 22.785245432826564  7.9216252897694446 23.962232024427724  7.9258296090878702 25.137117745266934  7.9328434012528017 26.772507392993049  7.9349552604814866 27.234669430992017  7.9371897727600267 27.696478037096679  7.9395417056504263 28.157925079160975  7.9420062003100425 28.61900423346718  7.9445787464798432 29.079711067626587  7.9472551574726698 29.540043123480302  7.9500315451615045 30.000000000000004 
 0 9 0.28192531360953316 7 0.47538979072163279 7 0.58502741071484066 7 0.88264133154530544 7 1 9
7 0 0  8 37 6  3.615043810861859 0  3.5864185028638453 1.6691279438226168  3.5578358053795407 3.3824766659268919  3.5293849940198827 5.1433413150824805  3.5011699069200253 6.9543072820950371  3.4733060778834104 8.8168022176632732  3.4459143889912429 10.730333087709333  3.4191096184215906 12.691554060691226  3.3750757357614654 16.068131425940209  3.3574772368133701 17.46196949386804  3.3402329435133038 18.873527991122469  3.3233656116631471 20.300720378568013  3.3068884984048603 21.741384256088324  3.2908068318970001 23.193337949505437  3.2751196423203397 24.654445679573683  3.251151597094136 26.954718194860927  3.2426061391574361 27.789116098051256  3.2341834512954399 28.625534457139974  3.22588149001679 29.46367080342343  3.217697747166858 30.303248134091877  3.2096293528804369 31.14401614895662  3.2016731587560319 31.985752233585284  3.1725239631130808 35.11527545253297  3.1520288396914347 37.407483279569036  3.1322661663481481 39.701675457195151  3.1131598472480846 41.995319262062999  3.0946384496129911 44.286556677027079  3.0766363332165017 46.574207409181994  3.0590924010780385 48.857774782571212  3.035189447404592 52.036400904310845  3.0284922613243852 52.934682441376069  3.0218546088825118 53.832277030316703  3.0152733802558349 54.729168865081931  3.0087456307996971 55.625345654573749  3.002268565859767 56.520798783777053  2.9958395255838774 57.415523474889767  2.9894559697338674 58.309518948452997 
 0 9 0.28192531360953316 7 0.47538979072163279 7 0.58502741071484066 7 0.88264133154530544 7 1 9
8 0 0.9890588710512791
7 0 0  8 30 5  7.0096237516430637 30.000000000000004  7.0343326271742885 29.301198022066789  7.0592042615703274 28.605977238099801  7.0842374100571313 27.914367188448178  7.1094301350746347 27.226376435834588  7.1347797650880542 26.541991469667209  7.1602828240467549 25.861176263456983  7.1859349314906797 25.183872485340107  7.2693692304693185 23.004286077521204  7.3277426731955231 21.515240641310204  7.3867721831883042 20.042492962253032  7.4463708861633879 18.584603815183339  7.5064398225082538 17.139125080709203  7.5668613934866702 15.702730038524129  7.6274854024352692 14.271261050210562  7.7179199163160312 12.136000451141774  7.747737201289322 11.431997394433292  7.7775317007458735 10.727401587535795  7.8072781148113375 10.021550731605901  7.8369488191620977 9.3137127539848752  7.8665131638940071 8.6030895933821938  7.8959366715090411 7.8888229207361587  7.9602127513163365 6.3088799170794552  7.99498738364289 5.4412121158059295  8.0294373430624955 4.5654158242966947  8.0634866865299166 3.6797881477609664  8.0970486558071322 2.7825219514483868  8.1300236394170273 1.8717326814926905  8.1622984101329763 0.94552201893537147  8.1937483915020035 0.0021044664625935981 
 0 9 0.17698778092758424 7 0.57245306361584503 7 0.76697259317107336 7 1 9
7 0 0  8 30 5  4.6551653760503706 58.309518948452997  4.644206159348049 56.951292042669252  4.6328185891727323 55.600025726799082  4.6210023008794989 54.255777416963284  4.6087575649325982 52.918563756101229  4.5960853179332117 51.588358484341398  4.5829872049317739 50.265091578776804  4.5694656330248833 48.948649662645416  4.5243719873403254 44.712295164428539  4.4911125046307472 41.818111061819209  4.4557895774989449 38.955604105268499  4.4184617294618089 36.121976943637605  4.3791988751976358 33.312471288491366  4.338080962308891 30.520621157446929  4.2952012373483406 27.738345554185734  4.2287848998698996 23.58814494214284  4.2064890826105685 22.219808956312654  4.1838086949426385 20.850320871202676  4.1607577654137069 19.478393409248284  4.1373508909735603 18.1026036769643  4.1136035285905104 16.721400522018889  4.0895324312653134 15.333115652588512  4.0359544133598071 12.262258435615305  4.0063144034308475 10.575815365637418  3.9762676224231064 8.8735733504805783  3.9458489072146543 7.1522225576053939  3.9150974885385725 5.4082505484148093  3.8840585392568654 3.6379944085983351  3.8527846537802386 1.8377644693097193  3.8213366222499023 0.0040903475692328417 
 0 9 0.17698778092758424 7 0.57245306361584503 7 0.76697259317107336 7 1 9
1 7.0096237516430886 30 -1 -0 
8 0.38562050211094329 1
7 0 0  8 30 5  6.2831853071795862 4.8230854637602363  6.2607346731336371 5.3522293828463985  6.2380558966732904 5.8753315354052411  6.2151803105530075 6.3930813556555162  6.1921354868149265 6.9061244525109275  6.1689457251088076 7.415061937694901  6.1456325159535448 7.9204512288567139  6.1222149789403231 8.4228083276889549  6.0724576075780572 9.4808474622701038  6.0460961000115319 10.035899456058061  6.0196498864259684 10.588428826747089  5.9931398845019421 11.139040379145415  5.9665845167676066 11.688286042723357  5.9400003157424317 12.23666784040643  5.913402413809548 12.784640233970784  5.8202210888968882 14.704396922377221  5.7536262791996506 16.076455530761365  5.6872611906685275 17.454799863875628  5.6212837333803707 18.844526167431241  5.5558174167215295 20.249694941773761  5.4909701171235135 21.673384245319859  5.4268454843754474 23.117502523111849  5.334985034227266 25.243781656520117  5.3065841274302983 25.909352343332191  5.2783535467080105 26.579441773502381  5.2502993306427781 27.25414285222082  5.2224266125481487 27.933522777810165  5.1947397631924561 28.617621755440663  5.1672424831523083 29.3064524245546  5.1399378447959663 30.000000000000004 
 0 9 0.16194943817740401 7 0.34283259463953542 7 0.79565315893461208 7 1 9
7 0 0  8 30 5  2.4980915447965084 9.3743931079711889  2.4786487253816487 10.402864020518299  2.4592963480170922 11.419591849738508  2.4400456516432123 12.425916614886567  2.4209064970435485 13.42309315413535  2.4018876504219921 14.412289818665785  2.3829970255758908 15.394590033643953  2.3642418846650348 16.370996726085561  2.3248400537844076 18.427455158287707  2.3042284924007066 19.506282316592671  2.2838039305582196 20.580206376918575  2.2635750951394251 21.650402868512362  2.2435501483801046 22.717944549437252  2.2237369394201503 23.783807176869889  2.2041431818015709 24.848874065729131  2.1362943975919584 28.580210365697617  2.0892258230041101 31.24701294649725  2.0437064518969916 33.926032780133404  1.9998374792705995 36.627175187821017  1.957712225414018 39.358332363586783  1.9174204296736523 42.125486977654433  1.879048390741491 44.932348380410012  1.8262592601591385 49.065092161048995  1.810248113864142 50.358729046855743  1.7946465519741586 51.661148791044724  1.7794596231576083 52.972531968847235  1.7646916027590986 54.293009190325492  1.7503460430506301 55.62265860028419  1.7364257962992009 56.961504765383424  1.7229330106508234 58.309518948452997 
 0 9 0.16194943817740401 7 0.34283259463953542 7 0.79565315893461208 7 1 9
7 0 0  5 54 14  2.5422274993221281 0  2.5209800019801971 1.2389313493260901  2.5000036552451146 2.4778593132737878  2.4793226640998078 3.7177021487664046  2.4589617481757595 4.9593761576141793  2.4204505219520112 7.3535843743112217  2.4022497133484144 8.5057304492348447  2.3843637813751757 9.6608241632916609  2.3668130079967868 10.819482941836302  2.332657946116107 13.129043720068386  2.3160439542355959 14.279837118761098  2.2997953711421233 15.435094854618848  2.2839316295523377 16.595228055959925  2.2532769544792091 18.905780393732741  2.2384722168649405 20.05602862902553  2.2240752211008989 21.211511183146875  2.2101028734382444 22.372384760568263  2.1834558255801038 24.668935031529262  2.1707543160625065 25.804289922182125  2.1584800556742536 26.944722098798803  2.1466452419305013 28.09014061796535  2.1258611036931248 30.189825225541899  2.1167685688391766 31.142577573970808  2.1079879680447506 32.098458052054546  2.09952374029726 33.057304476473107  2.0816501403972461 35.167567122963042  2.0723771643779334 36.320164936717276  2.0635657442219673 37.476338125860714  2.0552185988836231 38.635670456869804  2.0371575760587333 41.298132091192009  2.0277536361046007 42.803060469375382  2.0191248354292406 44.311428411109233  2.0112642337329043 45.822140097924631  2.0035193844785524 47.470378923177961  2.0028849075112047 47.606725308489551  2.0022565719574925 47.743080641215954  2.001634368738487 47.8794440966319  2.000361280391032 48.161245057431337  1.9997112358101905 48.306683564787228  1.9990681433001467 48.45212937232693  1.9984319910549853 48.597581481045296  1.9965445420790544 49.033902031835694  1.995314019723726 49.324786377125122  1.9941111021012112 49.615683946162541  1.9929356856937042 49.906586786979652  1.9895988123228929 50.752123689925504  1.9875095397683125 51.306750790058153  1.9855190828372389 51.861313342228279  1.9836266187906424 52.415757126803769  1.9783656029030734 54.039964964013365  1.9752617951968456 55.109259329381032  1.9725134998285196 56.177527685895321  1.9701136575980427 57.244398908518811  1.9680549748221563 58.309518948453004 
 0 6 0.11256585388635562 4 0.21658458421579346 4 0.3191792596636242 4 0.42001208276978896 4 0.51773341375243676 4 0.59840453975904151 4 0.69476861474227247 4 0.81919939051519197 4 0.83042000410849781 4 0.84238603140228818 4 0.86631383414893337 4 0.91193510986781445 4 1 6
7 0 0  10 81 9  2.5422274993221277 1.7763568394002505e-15  2.518632983482159 1.3757850099958744  2.4953356497798658 2.7515668598890741  2.4723577430312567 4.1281799612595673  2.4497212716821579 5.50647430963269  2.4274495007816648 6.8872482372068058  2.4055652345882019 8.2713004652346616  2.3840915755187631 9.6593853787635933  2.3630526189010688 11.052168090954714  2.34247156949505 12.450274704221112  2.3223720458280903 13.854218208570543  2.3173471639263883 14.205204279580482  2.312352376056781 14.556555350454943  2.3073880481740243 14.908279589204978  2.3024545450178704 15.260384803224406  2.2975522301111537 15.612878439259907  2.2926814657627088 15.965767583458955  2.2878426130638458 16.319058961308695  2.2830360318917937 16.672758937698536  2.2782620809069498 17.026873516868783  2.2735211175546701 17.381408342443976  2.268780158175483 17.735943129165516  2.2640721792446148 18.090898087738761  2.2593975386110832 18.446278780597318  2.2547565903562314 18.802090343995328  2.2501496847891689 19.158337487935007  2.2455771684522055 19.51502449627953  2.2410393841163971 19.872155226613661  2.236536670783662 20.22973311038211  2.2320693636868776 20.587761152778867  2.2276377942887708 20.946241932817745  2.2187746539032038 21.663203543638261  2.2100544533176922 22.381976761061981  2.201479847924944 23.102580946271154  2.1930534051695916 23.825029717392212  2.1847776043779019 24.549329657960136  2.1766548315591692 25.275479591767475  2.1686873691998811 26.003470424343661  2.160877381023889 26.733285550767199  2.1532268917467667 27.464901830106772  2.1457377617997562 28.198291126248893  2.1382486340335927 28.9316802563477  2.1309208929914627 29.666839835638314  2.1237564008436571 30.403741690412993  2.1167569028068289 31.142348321721087  2.1099239901597664 31.882615682888044  2.1032590860281855 32.62449401794661  2.0967634441449317 33.36792769399942  2.0904381507174787 34.112854961315357  2.0842841196203015 34.859208574099156  2.0783020710480025 35.60691820566538  2.0723200276496012 36.35462716430203  2.0665099451111173 37.103695313598223  2.0608726670028776 37.854035775478046  2.0554085231430892 38.605603247697566  2.0501181044883903 39.358287766498457  2.0450015624682143 40.112012064200592  2.0400587880419851 40.866707528207122  2.035289770174864 41.622265924506536  2.0306941473503981 42.378603157730801  2.0262714492649554 43.135627400618063  2.0218487512424868 43.892651819112004  2.0175989912268406 44.650359611635771  2.0135216397995075 45.408677327419127  2.0096162879887749 46.167448307480996  2.0058816471832097 46.926724491027635  2.0023176816829311 47.68617378561369  1.9989224107873682 48.44595334010571  1.9956953607835077 49.205790268486574  1.9926349529270264 49.965674892896061  1.9897399516998908 50.725486291554731  1.9868449484210473 51.485298166885265  1.9841153316586628 52.245041910820937  1.9815497590943039 53.004623696179912  1.9791467968134597 53.763950670485791  1.9769049311143083 54.522931092402509  1.9748225803195552 55.281474468286717  1.9728981065849742 56.0394916885705  1.9711298277105651 56.796895164338096  1.9695160289502851 57.5535989637266  1.9680549748221561 58.309518948453004 
 0 11 0.25 10 0.3125 10 0.375 10 0.5 10 0.625 10 0.75 10 0.875 10 1 11
1 0 0 1 0 
7 0 0  7 32 6  2.0704025627114535 58.309518948452997  2.0731617579945536 57.077529070606886  2.0763803320610821 55.842355215797618  2.0800665994518717 54.604485904113936  2.0842285377112595 53.364423712638384  2.0888735265899196 52.122682372156696  2.0940080371984675 50.879785755263548  2.1108194939524352 47.166077534938815  2.1239563093835296 44.692905709136575  2.1390868249562729 42.221644256354089  2.1562304368603762 39.756643367544783  2.1753811574989905 37.301619534827296  2.1965020280525791 34.859682203291364  2.2285935374152062 31.47707820488511  2.2379643264267837 30.522889907394575  2.2476258038208417 29.571295738270745  2.2575730328497139 28.622412865965991  2.267800487449247 27.676328429558584  2.2783020748217497 26.733103057813913  2.30376401422079 24.509831943521426  2.3189550206256953 23.23226276113413  2.3346272795502361 21.960168870352227  2.3507625836927857 20.693520817298019  2.3673417109511705 19.432179304349489  2.3843446405041417 18.175916914407487  2.4359119297882388 14.468282069639018  2.4716271946027439 12.030464813640249  2.5087403564755131 9.6087698303896243  2.5470925889135723 7.1994715964894951  2.586529182121073 4.7980531028304441  2.6268993892406751 2.3997329001373955  2.6680544689500243 0 
 0 8 0.14417572498434139 6 0.43057439126659447 6 0.54350974785131789 6 0.6975937050480695 6 1 8
7 0 0  9 109 13  2.0704025627114535 58.309518948452975  2.0722631738218062 57.478749482975758  2.074325217411447 56.64658381485475  2.0765909466538397 55.813154748183472  2.079062567050324 54.978597113943692  2.0817422110707025 54.143047679948758  2.0846319128004742 53.306645061081063  2.0877335825796233 52.469529629175248  2.0910489816498363 51.631843423236027  2.0945796967950443 50.793730059406663  2.0954623748561758 50.584201906019274  2.0963585143119579 50.374645922141298  2.097268129122881 50.165067804179508  2.0981912359792974 49.95546863053395  2.0991279617482732 49.745832761158148  2.1000780445876677 49.536219513686547  2.1010419185565152 49.326544220612114  2.1020193027937113 49.116874511401093  2.1030103442379717 48.907185100148261  2.1040013796355166 48.697496405324337  2.1050060480923083 48.487794195482479  2.1060243664696561 48.278081002225996  2.1070563516314182 48.068359357173435  2.1081020204372489 47.858631791918597  2.1091613897520003 47.648900838086497  2.1102344764356005 47.43916902727139  2.1113212973515556 47.22943889109078  2.1124218693614161 47.019712961149111  2.1146230088422406 46.600260970256599  2.1168791369842412 46.180825422965974  2.1191903696247105 45.761426042732388  2.1215568073892994 45.342082183974391  2.1239785356931091 44.922812832095829  2.1264556247388775 44.503636603446132  2.128988129519275 44.084571745374085  2.1315760898146814 43.665636136172566  2.1342195301948066 43.246847285121532  2.1395064097939676 42.409269606500857  2.1450152049995554 41.572278861096322  2.1507460987695723 40.736015401316607  2.1566990127465608 39.900613360465563  2.1628735907190308 39.066201007125585  2.1692691820840126 38.232901099597335  2.17588482530864 37.400831240281342  2.1827192313921948 36.570104230105493  2.1897707673282163 35.740828422925141  2.1932965389039594 35.326190236070403  2.1968765739681149 34.911916443537841  2.2005107271744095 34.498015622441635  2.2041986992186766 34.084507554481554  2.2079402636262659 33.671403153083176  2.2117352052719141 33.258710379953911  2.2155831925850737 32.846445754659342  2.2194838054363397 32.434631060802211  2.2234369406580341 32.023254852419882  2.227390070249645 31.61187946506233  2.231395666806204 31.200948846874947  2.2354534124547061 30.790472861989755  2.2395629743684573 30.380460627724734  2.2437240047702112 29.970920514564998  2.2479361409268419 29.561860146182845  2.2521990051563447 29.153286399423624  2.2565122048207207 28.745205404310589  2.2608753323314978 28.337622544046802  2.2652384638921585 27.930039525739122  2.2696515073547481 27.52295526447114  2.2741140883233459 27.116373978059944  2.2786257695623915 26.710300763740573  2.2831860952471636 26.304740176584474  2.2877946143982788 25.899695445080347  2.2924508835123021 25.495168323707219  2.2971544483755197 25.091159582694129  2.3019048050717106 24.687670134787886  2.3066551600555329 24.284180865579224  2.3114523082267722 23.881211586129048  2.3162957611800312 23.478763241352354  2.3211850225899981 23.07683595175088  2.326119588210509 22.675429013384012  2.3310989458758997 22.274540897911915  2.3361225754994259 21.874169252545407  2.3411899490747308 21.474310900091769  2.3463005306748044 21.074961838922164  2.3514111123250743 20.675612773133782  2.3565649043632444 20.276773184590112  2.3617613709655809 19.878439062433671  2.3669999704628504 19.480605762727741  2.3722801553396473 19.083268008423985  2.3776013722351177 18.686419889407194  2.3829630619423763 18.290054862447334  2.3883646594088366 17.894165751239399  2.3938055937361122 17.498744746378183  2.3992465347796754 17.103323421754791  2.4047267795012135 16.70837255256167  2.4102458321426976 16.313879297067359  2.4158031223130974 15.919835235533691  2.4213980573837661 15.526232635703266  2.427030052883441 15.13306233785754  2.4326985409137434 14.740313259431442  2.4384029565596927 14.347973519195286  2.4441427023199225 13.956033180998627  2.4671016925605924 12.388271201761063  2.4906261036528008 10.826888485047524  2.5146789848417406 9.2711470466096007  2.5392234442910868 7.7201588826703631  2.5642228965118563 6.1729281199977848  2.5896412022538939 4.6283902303833004  2.6154427008884045 3.0854483095007899  2.6415921352468561 1.54300642016892  2.6680544689500243 0 
 0 10 0.125 9 0.15625 9 0.1875 9 0.25 9 0.375 9 0.4375 9 0.5 9 0.5625 9 0.625 9 0.6875 9 0.75 9 1 10
7 0 0  11 78 8  1.6208569177534264 0  1.6106818874754663 0.59330107781320029  1.6005578685615278 1.1861839512160592  1.5904858774963158 1.7787484645725142  1.5804669503710742 2.3710945274149715  1.5705021438197735 2.9633220578883721  1.5605925359606521 3.5555309261613059  1.5507392273307945 4.1478208978886588  1.540943341828249 4.7402915776083168  1.5312060276472106 5.3330423522072028  1.5215284582186748 5.9261723343276147  1.5119118331474029 6.5197803058152406  1.5022952075276879 7.1133883486779164  1.4927395322524375 7.7074736431462831  1.4832459599600063 8.3021399840503864  1.4738159103000681 8.8974669487505071  1.4644500913725291 9.4936015804881073  1.4551508766799288 10.090550175204902  1.4459180173675537 10.688532298759835  1.4367543585191045 11.287530756565211  1.4276602401179008 11.887716660197484  1.4186375246987184 12.489151794528699  1.4096874783255462 13.091941961168345  1.3917873902747404 14.297521980382669  1.3741780908544903 15.508514231715893  1.3568708859427532 16.725682047128242  1.339877568259974 17.949775955875467  1.3232103823739103 19.18153471668434  1.3068820132160528 20.421683648200485  1.290905584903254 21.6709311673626  1.2752946565458199 22.929964443515047  1.2600632018535289 24.199445078214197  1.2452255592246642 25.480005718613803  1.2307963391060321 26.772248513973004  1.2235817279127348 27.418369853986334  1.2164692327793036 28.067410961945178  1.2094606780694279 28.719447053246824  1.2025579097792174 29.374551197652927  1.1957627932147199 30.032794164343468  1.1890772106458543 30.69424426656769  1.1825030589946004 31.358967206884024  1.1760422474823025 32.027025921703761  1.1696966953174008 32.698480426504148  1.1634683293500414 33.373387660518588  1.1573590817489774 34.051801331756188  1.1543044581492994 34.391008184088683  1.1512796136223198 34.731091612402309  1.1482847901169522 35.072058358427114  1.1453202296339042 35.413914944927491  1.1423861742357009 35.756667675695361  1.1394828660306899 36.100322635603632  1.1366105471932528 36.444885690474749  1.1337694599432737 36.790362487288888  1.1309598465630213 37.136758453944168  1.1281819493859091 37.484078799465522  1.1254360108025057 37.832328513865953  1.1226900737640464 38.180577962866082  1.119976084001036 38.529758382431616  1.11729431849187 38.879868832558579  1.1146449738640714 39.230923490559526  1.1120283014039631 39.582921288753418  1.1094445721443158 39.935862695197379  1.1068940291353941 40.289755199550285  1.1043768891951893 40.644604408671647  1.1018933840813818 41.000410288245376  1.0994437810161164 41.357178019578996  1.0970282948942744 41.714910161031199  1.0873663550170345 43.145838729843348  1.0782503977524365 44.592197555607051  1.0696956181083224 46.054177387410313  1.0617170675164069 47.531896952468387  1.0543295563700188 49.025397847213462  1.0475475873970108 50.534640260521229  1.0413853198453404 52.0594995281607  1.0358565645129143 53.599763519825487  1.0309748095848035 55.155130857078781  1.0267532773137271 56.725209963904682  1.0232050115148554 58.309518948452975 
 0 12 0.125 11 0.25 11 0.5 11 0.625 11 0.6875 11 0.75 11 1 12
8 0 1
7 0 0  9 37 5  7.6978364409126723 7.1054273576010019e-15  7.7157825811247402 1.0464308714031227  7.7339400161143077 2.0915311126262206  7.7523011097567789 3.1358902163628035  7.7708586150942169 4.1800983141875285  7.7896056503980491 5.224744926478297  7.8085356752416031 6.270417712347272  7.8276424665607998 7.317701219560079  7.8469200947260047 8.3671756344676247  7.8663628996056092 9.4194155319270152  7.9010603035623364 11.297230855522717  7.9362838558879414 13.183859112300459  7.9720014144080711 15.082567542664329  8.0081839116815292 16.99658696816029  8.0448048977963627 18.929079297526357  8.0818394049470346 20.88307814107894  8.119265692830929 22.861555149764751  8.157062443720136 24.867230475232713  8.1952109791591816 26.902622726773178  8.2200708453048801 28.229005732961969  8.2450800079922804 29.568005040756024  8.270233310127276 30.920316160568511  8.2955258348097516 32.286589501826576  8.3209529647550653 33.667422843153687  8.3465104417327325 35.063353802706459  8.3721944259832313 36.474852308319505  8.398001555656549 37.902313067835216  8.4239290062338092 39.346048039294359  8.4595164446449438 41.327685869089777  8.4953300276709616 43.339951484180602  8.5313628277803026 45.383665694518378  8.5676098470626449 47.459347795073278  8.6040683803138513 49.567169393619103  8.6407386452868806 51.706920032685701  8.6776246801149295 53.877984606195987  8.7147355078998263 56.079332570243807  8.7520865684713804 58.309518948453004 
 0 10 0.18038283812630812 9 0.50229200072121349 9 0.71206724065040139 9 1 10
1 0 58.309518948453004 1 0 
1 0 58.309518948453004 1 0 
1 8.7520865684713947 58.309518948453004 -1 -0 
1 0 30 1 0 
1 8.7520865684713911 58.309518948453004 -1 -0 
1 8.7520865684713591 58.309518948453004 -1 -0 
1 0 30 1 0 
1 7.2040427308051775 58.309518948453004 -1 -0 
1 7.2040427308051411 58.309518948453004 -1 -0 
1 7.2040427308051296 58.309518948453004 -1 -0 
8 0 1
7 0 0  7 22 4  4.7340499475029736 1.7763568394002505e-15  4.7737101696549162 2.3125688202200614  4.812363121511158 4.6251276854849026  4.8499231274145851 6.944570696045993  4.8862951790507339 9.2777988018868669  4.9213726220898426 11.631619580794748  4.9550368930306306 14.012590135360862  4.9871593062514998 16.426803108908274  5.0261715405739764 19.358832038659529  5.062908743568137 22.339822652543667  5.0971424676797881 25.380829806259552  5.1286213111334282 28.491762037215366  5.1570754949073887 31.680859697151497  5.1822376999049968 34.953553825041837  5.2038562627520344 38.311831779367537  5.2212021679717386 41.006385724521643  5.2362658687835637 43.755907648407643  5.2489182795568849 46.561514402204416  5.2590355096887924 49.422807314225615  5.2665023863149321 52.337608582673965  5.2712140934420324 55.301802631958957  5.2730587470998707 58.309518948453004 
 0 8 0.31358344980768055 7 0.69442627893738318 7 1 8
7 0 0  7 20 4  4.7340499475029736 0  4.7737101732491043 2.3125686846439164  4.812363107084348 4.6251282224448849  4.8499231539513925 6.9445697157018724  4.8862951520139415 9.2777997960359215  4.9213726374120084 11.631619019167093  4.9550368889856067 14.012590283301558  5.0261715445489319 19.358831706683965  5.0629087343968386 22.339823432743138  5.0971424752591004 25.380829126740217  5.1286213131081233 28.491761940049756  5.1570754875242368 31.680860262730715  5.1822377040366714 34.95355349779603  5.2212021674806621 41.006385837819018  5.236265869620464 43.75590744382643  5.2489182794757667 46.561514456088616  5.2590355084641107 49.422807548732209  5.2665023878099406 52.337608272526147  5.271214092767031 55.301802775771534  5.2730587470998707 58.309518948453004 
 0 8 0.31358344980768055 6 0.69442627893738318 6 1 8
1 0 0 1 0 
7 0 0  10 61 7  4.3378828214860903 58.309518948453011  4.3372906931608419 56.836182267913067  4.3360917250025537 55.357760918003841  4.3342708147815561 53.874847192138517  4.3318120206128699 52.387981849775187  4.3287004556643325 50.897923445610687  4.3249190942670186 49.405065486541929  4.3204553272530246 47.910400221515424  4.3152929195926664 46.41424817510989  4.309420824933504 44.917530021284449  4.3028278546582506 43.42085198825086  4.2962348927067548 41.924175150744333  4.2889211602856587 40.427554793877469  4.2808759508129244 38.931670961206066  4.2720904480419346 37.437219734151526  4.2625580241122529 35.94487895731173  4.2522746371302169 34.455300778218735  4.2412391707895765 32.969104053581987  4.2294536198233885 31.486855633499367  4.2169230863757843 30.009045496722305  4.2036556136560863 28.536076669273974  4.1970218785564217 27.799592525464114  4.1902039168909821 27.064319137328006  4.1832027353268169 26.330307534566952  4.1760195322092777 25.597603109019104  4.1686556899898539 24.866245396785896  4.1611127676596356 24.13626786047519  4.1533924931717419 23.407697671277919  4.1454967558797904 22.680555491237005  4.137427598958574 21.954855255335847  4.1291872118399819 21.23060395372336  4.1250670189486369 20.868478318372038  4.1209040125934715 20.506714861917668  4.1166984721611444 20.145314295853382  4.1124506767432081 19.784277076485544  4.1081609127505017 19.423603285232364  4.1038294778668556 19.06329254911039  4.0994566812714321 18.703344001463208  4.0950428402230381 18.343756282874129  4.0905882729050971 17.9845275823082  4.0860932876214822 17.625655718460642  4.0815983048704094 17.266783904449522  4.0770629147044302 16.908268975237128  4.0724874450663995 16.550108699903017  4.0678722289368681 16.192300441381501  4.0632176043358958 15.834841156464725  4.0585239143222545 15.477727395796455  4.0537915069912174 15.120955303881189  4.0490207354805454 14.764520619074226  4.044211957962367 14.408418673589901  4.0393655376504638 14.052644393496264  4.0199798501549271 12.629547650680744  3.9999919037402605 11.211690841573297  3.9794249210032202 9.798752382824949  3.9583030899443052 8.3903080707854585  3.9366514358076614 6.9858127415688314  3.9144956126888815 5.58472859484427  3.8918603392295981 4.1862961294563341  3.8687721291149089 2.7898931485905325  3.8452556995143032 1.3947097021036061  3.8213366222499028 -1.7763568394002505e-15 
 0 11 0.25 10 0.5 10 0.625 10 0.6875 10 0.75 10 1 11
7 0 0  10 111 12  2.6419864176732375 58.309518948452983  2.652970320291379 57.572849969962967  2.6639965002307617 56.834911892972904  2.6750659213338839 56.095773171031198  2.6861793451378126 55.355513123647988  2.6973376851773643 54.614198165477767  2.7085415766704442 53.871909718675312  2.7197916071445127 53.128728589976326  2.7310884873797794 52.38472327937118  2.7424325375310188 51.63998341062586  2.7538242196306788 50.894584222746495  2.7595200605588643 50.521884665675159  2.7652278026159416 50.149020673278038  2.7709474949212272 49.776002280823967  2.776679180213081 49.40283958855423  2.7824228948522061 49.029542761721387  2.7881786688159136 48.656122030511703  2.7939465257060934 48.282587690166508  2.7997264827403781 47.908950100832769  2.8055185507599032 47.535219687707283  2.8113227342239719 47.161406940929282  2.8171269171650835 46.787594143692274  2.8229432145639324 46.413699220864061  2.8287716351549874 46.039731999954562  2.8346121699242359 45.6657033219063  2.8404648003731676 45.291624325171625  2.8463295034466962 44.91750600070187  2.8522062531543897 44.543359019166871  2.8580950188460257 44.169193828767085  2.8639957601843276 43.795021025302837  2.869908418776085 43.420851993116251  2.8817337368078979 42.672513849996434  2.8936067593660431 41.924188393200929  2.9055270197541585 41.175965818711632  2.9174941474801863 40.427922684389586  2.9295073323658496 39.680154543779999  2.9415658323804328 38.932743907868705  2.9536688191374902 38.185769382445002  2.965815128868627 37.439320627248506  2.9780036391806104 36.693474458841671  2.9902330219743685 35.948309957659895  3.0024624049067099 35.203145431017795  3.0147326713321987 34.458662005865961  3.0270424318755174 33.71494199527703  3.0393904927013615 32.972046766596293  3.0517748887564 32.230071971365703  3.0641941484822377 31.489073377045191  3.0766466255731344 30.749106367805616  3.0891299496195623 30.010257656023889  3.1016424524479773 29.272560690911405  3.1141818200608422 28.536076663520937  3.1204515055487545 28.167834530999993  3.1267279144499258 27.799895152895541  3.1330107782327472 27.432264886379471  3.1392998226099991 27.064949728858139  3.1455947675238956 26.697955317890887  3.1518953271691834 26.331286931319095  3.1582012099648082 25.964949487102484  3.1645121185819458 25.598947543488002  3.1708277499216089 25.233285298868417  3.1771477951288927 24.867966591876574  3.1834678388477338 24.502648012710495  3.1897922959038003 24.137672822981266  3.1961208624838937 23.773044823716177  3.2024532271277906 23.408767422812204  3.2087890719468177 23.044843623282055  3.2151280738375911 22.681276011553155  3.2214699057013743 22.318066745689276  3.2278142376587282 21.955217543706862  3.2341607382666671 21.592729671794519  3.2405090757354702 21.230603932613398  3.246857412898609 20.868478233194491  3.2532075817449577 20.506714661768527  3.259559250203881 20.145314118113177  3.2659120798679888 19.784277035318365  3.2722657272883704 19.423603391896354  3.2786198452939024 19.063292724080039  3.2849740842750808 18.703344137863382  3.291328093510304 18.343756321328549  3.2976815224508957 17.984527556712635  3.3040340220383988 17.625655732666708  3.3103865205001051 17.266783916083906  3.3167380858489595 16.908268974036108  3.3230883626609447 16.55010868494649  3.3294369941047499 16.192300418096178  3.3357836219449539 15.834841133644884  3.3421278865375323 15.477727382600404  3.3484694268346042 15.120955306853602  3.3548078803808563 14.764520639147236  3.3611428833151842 14.408418703097281  3.3674740703705788 14.052644413181982  3.3801364454541107 13.341095527191388  3.3927835453963655 12.630859808534838  3.4054125399016089 11.92188337310955  3.4180201412712177 11.214152648177588  3.4306041685116822 10.507559192726845  3.4431605911436423 9.8021074431173005  3.4556874409112663 9.0976822478279011  3.4681810787355873 8.3942438860850661  3.4806388398625203 7.6917058221735788  3.4930576119648933 6.9899948774366845  3.5054763842423475 6.2882839654679206  3.5178561948645921 5.5873991449436113  3.5301940556240758 4.8872622472623419  3.5424869589905383 4.1877918026765215  3.5547318872391904 3.4889028738671577  3.5669258173914309 2.79050715399769  3.5790657219644397 2.0925133292251408  3.5911485655294846 1.394827705690413  3.6031712970840482 0.69735510096981146  3.6151308382295624 -1.7763568394002505e-15 
 0 11 0.125 10 0.1875 10 0.25 10 0.375 10 0.5 10 0.5625 10 0.625 10 0.6875 10 0.75 10 0.875 10 1 11
1 7.6978364409126971 0 -1 -0 
1 0 0 1 0 
1 7.6978364409126812 0 -1 -0 
1 7.6978364409126572 0 -1 -0 
1 0 0 1 0 
1 7.7782152553051169 0 -1 -0 
1 7.7782152553051196 0 -1 -0 
1 7.7782152553051152 0 -1 -0 
8 0 1
7 0 0  10 51 6  5.3850803726826877 58.309518948453004  5.3843801721654154 56.56730829243542  5.3828400728057959 54.839314398947167  5.3804697548073737 53.126457086820203  5.3772792417019355 51.429544287973037  5.3732792476350015 49.749265871845324  5.3684814348091852 48.086189801041783  5.3628985811823098 46.440760619462502  5.356544658298076 44.813300271393722  5.349434819376758 43.204011253063861  5.3415852975565237 41.612982095444032  5.3376605379176789 40.81746752872526  5.3335508593339904 40.026517842307499  5.3292582933280865 39.240144208191253  5.3247849417354605 38.458350529868447  5.320132973496869 37.681133688763474  5.3153046214242705 36.908483790024938  5.3103021790006713 36.140384409258139  5.3051279971446892 35.376812838153626  5.2997844810053074 34.61774033116766  5.2942740867353537 33.863132351394405  5.2887636925125951 33.108524110351162  5.2830864141338996 32.358379524338851  5.277244691681636 31.612662738876914  5.2712410078412208 30.871331375163447  5.265077881250245 30.134336847684111  5.2587578598458267 29.401624681597365  5.2522835142170399 28.673134830446092  5.2456574309480484 27.948801993485528  5.238882205973324 27.228555933376001  5.231960437921269 26.512321793596676  5.2181169008173063 25.07985362676531  5.2036872079527257 23.663432412022544  5.1886920984838429 22.262464188267465  5.1731525443786746 20.876257567678337  5.1570891667515495 19.504120510641865  5.140522285112473 18.145179267872031  5.123472360254123 16.798698749853131  5.1059579446707666 15.463705694918524  5.087998443612987 14.139356078186411  5.0696116951471311 12.824704413090139  5.0512249524839952 11.510053100911747  5.0324110113744212 10.205103231961127  5.0131879544097693 8.9089290494584343  4.9935731593135078 7.6205809191783151  4.9735832491708321 6.3390913243864215  4.9532340640166312 5.0634800898651671  4.9325406538379513 3.79275883516405  4.9115172929209816 2.5259346569133081  4.8901775156139831 1.2620130403607024  4.8685341734465002 0 
 0 11 0.25 10 0.375 10 0.5 10 0.75 10 1 11
7 0 0  7 20 4  5.3850803726826877 58.309518948453004  5.38364796457107 54.745455637350041  5.3785248569207385 51.243862924584683  5.3698086699297063 47.814001286930122  5.3576049573370739 44.462315077552489  5.3420549873947083 41.191953741890202  5.3233316688356958 38.003006428580832  5.2811296823511844 31.955792166470694  5.2579725367160419 29.089004925544703  5.2323200569809849 26.290753547766734  5.2043501760418343 23.556880164440798  5.1742448804970742 20.881553553740808  5.1421779567496095 18.257912530738604  5.0778766282318708 13.360412829406236  5.0459887605071989 11.078060182124215  5.0127645195095853 8.8259219255112669  4.9783133862652491 6.5981333689096893  4.9427340190513975 4.3886353760561523  4.9061145946296474 2.191296281069556  4.8685341734465002 0 
 0 8 0.35799983016596099 6 0.69613873541929716 6 1 8
7 0 0  8 30 5  2.8208335468566728 30.000000000000004  2.8455424223878794 29.301198022067339  2.8704140567839591 28.605977238098568  2.895447205270739 27.914367188448328  2.9206399302882233 27.226376435835856  2.945989560301669 26.541991469667174  2.9714926192603897 25.861176263455619  2.9971447267042635 25.183872485340778  3.0805790256827272 23.004286077526448  3.1389524684100336 21.515240641276925  3.1979819783999894 20.04249296233057  3.2575806813792978 18.584603815090052  3.3176496177203054 17.139125080770068  3.378071188700801 15.702730038505358  3.4386951976488356 14.271261050211557  3.5291297115296221 12.136000451142186  3.5589469965029372 11.431997394432965  3.5887414959594941 10.727401587535496  3.6184879100249461 10.021550731606032  3.6481586143756983 9.3137127539851345  3.6777229591076126 8.6030895933821867  3.7071464667226564 7.8888229207360112  3.7714225465299345 6.3088799170797234  3.806197178856622 5.4412121158047322  3.8406471382759308 4.5654158242979355  3.8746964817435243 3.6797881477609322  3.9082584510209224 2.7825219514469031  3.9412334346305302 1.8717326814934705  3.9735082053465978 0.94552201893501353  4.0049581867156201 0.0021044664623538867 
 0 9 0.17698778092833886 7 0.57245306361651471 7 0.76697259317144906 7 1 9
7 0 0  8 30 5  4.6551653760503706 58.309518948452997  4.6442061593480588 56.95129204267031  4.6328185891727189 55.600025726797547  4.6210023008794989 54.255777416963362  4.6087575649326098 52.918563756102692  4.5960853179332073 51.588358484341185  4.582987204931757 50.265091578775078  4.5694656330248975 48.948649662646737  4.5243719873404338 44.712295164438729  4.4911125046303928 41.818111061796216  4.4557895774996128 38.955604105290092  4.4184617294610078 36.121976943630649  4.379198875198222 33.312471288490663  4.3380809623086636 30.52062115744566  4.2952012373483717 27.738345554187671  4.2287848998699138 23.588144942143657  4.2064890826105623 22.219808956311688  4.1838086949426296 20.850320871202257  4.1607577654137069 19.478393409249005  4.1373508909735675 18.102603676964826  4.113603528590513 16.721400522018406  4.0895324312653081 15.333115652588226  4.0359544133598151 12.262258435615827  4.0063144034308227 10.575815365635247  3.9762676224231215 8.8735733504826548  3.9458489072146552 7.152222557605465  3.915097488538549 5.4082505484123278  3.8840585392568725 3.6379944085994866  3.8527846537802262 1.8377644693090234  3.8213366222498948 0.0040903475687669262 
 0 9 0.17698778092833886 7 0.57245306361651471 7 0.76697259317144906 7 1 9
7 0 0  8 37 6  4.0048045436593345 0  3.9761792357361294 0.85875924236215317  3.9486234513251235 1.7402698874516678  3.9223217118113687 2.6462272753284966  3.8974735057937302 3.5779615785681873  3.8742816124488817 4.5362073174412512  3.8529303454298818 5.5207108279444821  3.8335527929634559 6.5297506940060384  3.8043236450434259 8.2669854162968832  3.7933883041930629 8.9841091860036801  3.7834351949776734 9.7103500413711448  3.7744679817456404 10.444634466894037  3.766473035144803 11.185849916880144  3.7594230087249567 11.93287392921358  3.7532810215353156 12.684607654560184  3.7450134855972785 13.868088100000648  3.7423005330888719 14.297382279530432  3.7398572245675088 14.727715975043246  3.7376750294718613 15.158933567675181  3.735745046887657 15.590892540657089  3.7340582027121609 16.023464115604479  3.7326054075433022 16.456533758336342  3.7280449669709372 18.066660171003541  3.7263714194004129 19.24599136854199  3.7261749387529726 20.426343506113689  3.727283770316137 21.606413508154816  3.7295468178776607 22.785245432805503  3.7328350849831158 23.962232024448866  3.7370394043014463 25.137117745259278  3.7440531964664139 26.772507392993798  3.7461650556950947 27.234669430991779  3.7483995679736331 27.69647803709606  3.7507515008640353 28.157925079160893  3.7532159955236541 28.619004233467713  3.7557885416934531 29.079711067626953  3.7584649526862761 29.540043123479808  3.7612413403751144 30.000000000000004 
 0 9 0.28192531360891676 7 0.47538979072058518 7 0.58502741071358744 7 0.88264133154536362 7 1 9
7 0 0  8 37 6  3.6150438108618594 0  3.5864185028638476 1.6691279438225035  3.5578358053793173 3.3824766659262808  3.5293849940205417 5.1433413150882821  3.5011699069192055 6.9543072820810465  3.4733060778838905 8.8168022176793421  3.4459143889911656 10.730333087699544  3.419109618421555 12.691554060693973  3.3750757357614902 16.068131425938255  3.3574772368132768 17.461969493875348  3.3402329435134117 18.873527991114067  3.3233656116631503 20.300720378567682  3.3068884984047511 21.741384256096584  3.2908068318970858 23.193337949498659  3.2751196423203184 24.65444567957563  3.2511515970941449 26.95471819486011  3.242606139157433 27.789116098051917  3.2341834512954324 28.625534457140617  3.2258814900167891 29.463670803423167  3.2176977471668642 30.303248134091277  3.20962935288044 31.14401614895656  3.2016731587560288 31.985752233585647  3.1725239631129556 35.115275452546399  3.1520288396918033 37.407483279520555  3.1322661663477538 39.701675457252982  3.1131598472480766 41.99531926206209  3.0946384496133872 44.286556676969369  3.0766363332161508 46.574207409232557  3.0590924010781508 48.857774782556334  3.0351894474045813 52.036400904312337  3.0284922613243874 52.934682441375678  3.0218546088825211 53.832277030315552  3.0152733802558371 54.729168865081711  3.0087456307996914 55.625345654574659  3.002268565859763 56.520798783777671  2.9958395255838846 57.415523474888822  2.9894559697338674 58.309518948452997 
 0 9 0.28192531360891676 7 0.47538979072058518 7 0.58502741071358744 7 0.88264133154536362 7 1 9
7 0 0  8 23 4  2.2783807635202526 0  2.2371915621669398 1.2356760338854413  2.1937886268961999 2.4242257281098705  2.1486639867557042 3.5724323047535291  2.1022459050676288 4.6877136810327631  2.0548583381724903 5.7766633609489872  2.0067518289421598 6.8450736539513191  1.95811756949937 7.8980182700638863  1.8830243921120664 9.4943696133270841  1.8568397203610827 10.045614141512287  1.8305718177673094 10.5943798474144  1.8042411523850745 11.14125865708932  1.7778657682463093 11.686791076026882  1.7514618697815032 12.231469054755188  1.7250442955695493 12.775738256031419  1.6782493099176661 13.739826089119894  1.6578716228296475 14.159652292348646  1.637500082027888 14.579663883766152  1.6171404340919733 15.000034499356634  1.5967979964853996 15.420925907881561  1.5764777437353648 15.84248805813341  1.5561843936125612 16.26485912618946  1.5359224933109681 16.688165562665571 
 0 9 0.51481913479483699 7 0.78872078636541509 7 1 9
7 0 0  8 23 4  2.6681414963177272 0  2.6269522950720541 2.4017225037330796  2.5856755463721521 4.7118478676179745  2.5445194747638893 6.9435603055379396  2.5036473649952393 9.1112776569672818  2.4631772302589301 11.227815390138716  2.4231991617090798 13.304431730953459  2.383782303450015 15.350988199117273  2.3243381111755546 18.453737495730397  2.3038699392397497 19.525164271111343  2.2835863826505682 20.591773081997417  2.2634959872139171 21.654714425839543  2.2436067506325621 22.715038856473505  2.2239263653734844 23.773702553854893  2.2044623904376262 24.831571730684665  2.170381184914854 26.705421656399505  2.155673108612346 27.521417121473689  2.1411015187867561 28.337772916417993  2.1266696848418887 29.154826528922804  2.1123807800268786 29.972892380943591  2.0982379115399588 30.792261920545613  2.0842441506322311 31.613203713748756  2.0704025627114309 32.435963536372299 
 0 9 0.51481913479483699 7 0.78872078636541509 7 1 9
7 0 0  7 26 5  2.278293732000217 0.0026107238730885703  2.2551032932000501 0.69820573623226556  2.2311908698308502 1.3787377775629155  2.2066537714063279 2.0453733037518438  2.1815814220111078 2.6994103408255459  2.1560514220282929 3.3421542507263724  2.1301298564166795 3.9748792754515447  2.0769078092620492 5.2395384494836827  2.0495900720978595 5.8709677167790471  2.0219795210792411 6.49442142470203  1.9941273708244389 7.11110795499006  1.9660769633589401 7.7221244824394679  1.9378653365096408 8.3284619289016781  1.879626380603584 9.566692667892374  1.8495843531419769 10.198161403146983  1.8194367498228428 10.826470878377824  1.789215397425133 11.452555774435107  1.7589476788907281 12.077248879651689  1.7286579673312523 12.701288054807168  1.652734216586808 14.265497576311816  1.6070981632066275 15.205710386087336  1.5615384281037112 16.148141216164504  1.5161148082581759 17.094666035067668  1.4708780598199882 18.046856601163945  1.4258743037809218 19.005979777261381  1.3811480901066777 19.972961983364414 
 0 8 0.2108635350883071 6 0.42739864616775625 6 0.6558347760461446 6 1 8
7 0 0  7 26 5  2.6680544689500243 0.0050743351049012198  2.6448662428259815 1.3570680202251291  2.6216437808396087 2.6797845521914492  2.5984307609619015 3.9754911137267217  2.5752643891458091 5.2467106139330904  2.5521751489401865 6.4959802203797441  2.529187666834102 7.7257766143251656  2.4828401340349493 10.183832216710559  2.459487636030127 11.411110110909163  2.4362857611634792 12.622886304096978  2.4132527810094992 13.821509468199839  2.3904044033584229 15.009112127703617  2.3677545514494676 16.187620288492059  2.3216440329098162 18.594308246416563  2.2982071258380481 19.821662852539621  2.2750204085583934 21.042876960921376  2.2520973419817452 22.259767264587758  2.2294504885466275 23.473952413107977  2.2070920739645055 24.686866550051281  2.151801631516522 27.727143374502138  2.1192495390435688 29.554588596078982  2.0874208381995198 31.386344874197128  2.0563522957330931 33.226058436319626  2.0260789614825852 35.076784231514964  1.9966352411311097 36.940984598537902  1.9680549748221561 38.820460174190622 
 0 8 0.2108635350883071 6 0.42739864616775625 6 0.6558347760461446 6 1 8
7 0 0  8 30 5  2.1445913422919971 3.6126117329108771  2.1164481072115535 4.3080946712758994  2.0878339494677389 4.9916525173191086  2.0588270049506505 5.6648530516113782  2.0294941032181786 6.3291626902392712  1.9998919422754755 6.9859246174773437  1.9700687856307069 7.6363611718834941  1.9400661648820601 8.2815860101504271  1.8836674027916671 9.4808474622700878  1.8573058952251369 10.035899456058088  1.8308596816395846 10.588428826746954  1.80434967971556 11.139040379145301  1.7777943119812085 11.688286042723485  1.7512101109560299 12.236667840406577  1.7246122090231732 12.784640233970448  1.6314308841099014 14.704396922389485  1.5648360744151915 16.076455530718707  1.4984709858788481 17.454799863952939  1.4324935285976057 18.844526167341613  1.3670272119324096 20.249694941842932  1.3021799123385076 21.673384245285451  1.2380552795886675 23.117502523120855  1.1461948294408837 25.243781656519918  1.1177939226438927 25.909352343332689  1.0895633419216268 26.579441773502161  1.0615091258564058 27.254142852220202  1.0336364077617499 27.9335227778103  1.0059495584060403 28.617621755441355  0.97845227836593951 29.306452424554056  0.95114764000957575 30.000000000000004 
 0 9 0.19862037496703408 7 0.37158854980362177 7 0.80459485103793582 7 1 9
7 0 0  8 30 5  2.542227499322129 7.0216550764523467  2.5170880834603904 8.3734309288830477  2.4920625826917413 9.7020285680908831  2.4671795425161678 11.010495211770357  2.4424628761936491 12.301681060478307  2.4179328635664512 13.578196795176146  2.3936070634609585 14.842418214971845  2.3695010643024923 16.096509879403648  2.3248400537844076 18.427455158287671  2.3042284924007035 19.506282316592941  2.2838039305582267 20.580206376918234  2.2635750951394331 21.650402868511847  2.2435501483800997 22.717944549437451  2.2237369394201405 23.783807176870436  2.204143181801582 24.848874065728491  2.1362943975915245 28.580210365721456  2.0892258230057141 31.247012946398449  2.0437064518940007 33.926032780334502  1.9998374792739935 36.627175187576839  1.9577122254116071 39.358332363769904  1.9174204296746904 42.125486977572734  1.8790483907412674 44.932348380427513  1.8262592601591436 49.065092161048604  1.8102481138641353 50.3587290468571  1.7946465519741621 51.661148791044191  1.7794596231576172 52.972531968845537  1.7646916027590953 54.293009190325712  1.7503460430506184 55.622658600286016  1.7364257962992113 56.961504765382365  1.7229330106508234 58.309518948452997 
 0 9 0.19862037496703408 7 0.37158854980362177 7 0.80459485103793582 7 1 9
7 0 0  8 30 5  4.9152286492498698 30.000000000000004  4.9399375247810395 29.301198022068359  4.964809159177193 28.6059772380979  4.9898423076639506 27.91436718844778  5.0150350326813902 27.226376435836194  5.040384662694847 26.541991469667565  5.065887721653608 25.861176263455388  5.0915398290974645 25.183872485340661  5.1749741280759425 23.004286077525951  5.2333475708030761 21.515240641273806  5.2923770807934591 20.042492962346884  5.3519757837724242 18.584603815058596  5.4120447201131912 17.139125080801815  5.4724662910943858 15.702730038488422  5.5330903000418648 14.271261050215493  5.623524813922768 12.136000451143341  5.6533420988962169 11.431997394431233  5.6831365983526947 10.72740158753539  5.7128830124180672 10.021550731607606  5.7425537167688878 9.3137127539852269  5.772118061500886 8.6030895933805507  5.8015415691158152 7.8888229207369296  5.8658176489230751 6.3088799170810628  5.9005922812499438 5.4412121158004831  5.9350422406690173 4.5654158243024403  5.9690915841367032 3.679788147761462  6.0026535534142198 2.7825219514427504  6.0356285370236238 1.8717326814971869  6.0679033077398259 0.94552201893401677  6.0993532891088069 0.0021044664625935977 
 0 9 0.17698778092871395 7 0.57245306361792503 7 0.76697259317251842 7 1 9
7 0 0  8 30 5  4.6551653760503697 58.309518948452997  4.6442061593480712 56.951292042672286  4.6328185891727083 55.60002572679555  4.6210023008794927 54.255777416962403  4.608757564932616 52.918563756104113  4.5960853179332126 51.58835848434218  4.5829872049317508 50.265091578774076  4.5694656330248957 48.948649662646503  4.5243719873404231 44.712295164437769  4.4911125046304434 41.81811106175946  4.4557895774995595 38.955604105421138  4.4184617294608941 36.121976943430411  4.3791988751985453 33.312471288650045  4.3380809623083554 30.520621157383111  4.2952012373484934 27.738345554195316  4.2287848998699484 23.588144942145895  4.2064890826105108 22.219808956308857  4.183808694942627 20.850320871201905  4.160757765413754 19.478393409251421  4.1373508909735683 18.102603676964915  4.1136035285904615 16.72140052201582  4.0895324312653392 15.333115652590013  4.0359544133598604 12.262258435618426  4.0063144034306708 10.575815365627188  3.9762676224232871 8.8735733504912258  3.9458489072146725 7.1522225576063638  3.9150974885383953 5.408250548404383  3.8840585392570066 3.6379944086067235  3.8527846537801929 1.8377644693070863  3.8213366222499023 0.0040903475692328417 
 0 9 0.17698778092871395 7 0.57245306361792503 7 0.76697259317251842 7 1 9
7 0 0  8 37 6  6.0991996460525284 0  6.0705743381293402 0.85875924236164081  6.0430185537183103 1.7402698874550304  6.0167168142045497 2.6462272753187044  5.991868608186909 3.5779615785835777  5.9686767148421485 4.5362073174274826  5.9473254478230064 5.5207108279512136  5.9279478953566755 6.5297506940045764  5.8987187474366412 8.2669854162955811  5.8877834065862054 8.9841091860067515  5.8778302973709025 9.7103500413689652  5.8688630841388543 10.444634466893017  5.8608681375379641 11.185849916882365  5.8538181111181657 11.932873929212734  5.8476761239285118 12.684607654560047  5.8394085879904649 13.868088100001518  5.8366956354820729 14.297382279529826  5.8342523269607076 14.727715975042779  5.832070131865053 15.158933567675488  5.8301401492808491 15.590892540657425  5.8284533051053575 16.023464115604298  5.8270005099364983 16.45653375833632  5.8224400693641396 18.066660171001136  5.8207665217935993 19.245991368547266  5.8205700411461629 20.426343506109205  5.8216788727093416 21.606413508154464  5.8239419202708582 22.785245432809987  5.8272301873762977 23.962232024444361  5.8314345066946487 25.13711774526125  5.8384482988596078 26.772507392993425  5.84056015808829 27.234669430992014  5.8427946703668274 27.696478037096448  5.8451466032572288 28.157925079160851  5.8476110979168459 28.619004233467269  5.8501836440866466 29.079711067626715  5.8528600550794723 29.540043123480231  5.8556364427683087 30.000000000000004 
 0 9 0.28192531360951523 7 0.47538979072096266 7 0.58502741071404496 7 0.88264133154541979 7 1 9
7 0 0  8 37 6  3.615043810861859 0  3.5864185028638644 1.6691279438215081  3.5578358053794354 3.3824766659304544  3.5293849940200617 5.1433413150772171  3.5011699069198916 6.9543072820991547  3.4733060778834526 8.8168022176615395  3.4459143889912411 10.730333087709651  3.4191096184215919 12.691554060691132  3.375075735761524 16.068131425935729  3.3574772368132249 17.461969493881316  3.3402329435134233 18.87352799111007  3.3233656116631747 20.300720378565423  3.3068884984047382 21.741384256100531  3.2908068318970831 23.193337949497465  3.275119642320321 24.654445679575371  3.2511515970941267 26.954718194861798  3.2426061391574441 27.78911609805057  3.2341834512954426 28.625534457139672  3.2258814900167856 29.463670803423881  3.2176977471668571 30.303248134092009  3.2096293528804414 31.144016148956148  3.2016731587560288 31.9857522335856  3.1725239631129991 35.115275452541724  3.1520288396916851 37.40748327953775  3.1322661663478657 39.701675457233506  3.1131598472480895 41.99531926206118  3.0946384496132771 44.286556676988809  3.0766363332162401 46.574207409217344  3.0590924010781206 48.85777478256017  3.0351894474045857 52.036400904311613  3.0284922613243843 52.934682441376111  3.0218546088825162 53.832277030316263  3.0152733802558371 54.729168865081682  3.0087456307996958 55.62534565457392  3.0022685658597648 56.520798783777302  2.9958395255838783 57.415523474889653  2.9894559697338674 58.309518948452997 
 0 9 0.28192531360951523 7 0.47538979072096266 7 0.58502741071404496 7 0.88264133154541979 7 1 9
7 0 0  8 23 4  4.3727758659134475 0  4.3315866645601533 1.2356760338848842  4.2881837292892966 2.4242257281132118  4.2430590891492246 3.5724323047447095  4.1966410074602454 4.6877136810455582  4.1492534405662429 5.776663360938123  4.1011469313350792 6.8450736539564812  4.0525126718926199 7.8980182700627344  3.9774194945053045 9.4943696133261923  3.9512348227542287 10.045614141513269  3.9249669201604931 10.594379847414677  3.8986362547783084 11.14125865708858  3.8722608706395105 11.686791076026735  3.8458569721746585 12.231469054755939  3.8194393979627645 12.775738256030984  3.7726444123108549 13.739826089119992  3.7522667252228534 14.159652292348428  3.7318951844211021 14.579663883765756  3.711535536485187 15.00003449935627  3.6911930988786104 15.42092590788125  3.6708728461285807 15.842488058132986  3.6505794960057902 16.264859126188764  3.6303175957041955 16.688165562664881 
 0 9 0.51481913479557639 7 0.78872078636580567 7 1 9
7 0 0  8 23 4  2.6681414963177272 0  2.6269522950720727 2.4017225037319969  2.5856755463720154 4.7118478676259716  2.5445194747642859 6.9435603055159909  2.503647364994642 9.1112776569991816  2.4631772302594355 11.227815390112184  2.4231991617088515 13.304431730965391  2.383782303450058 15.350988199115033  2.3243381111755888 18.453737495728667  2.3038699392397071 19.525164271114026  2.2835863826505598 20.591773081997744  2.2634959872139526 21.654714425837167  2.2436067506325692 22.715038856473079  2.2239263653734493 23.773702553857209  2.2044623904376413 24.83157173068382  2.1703811849148504 26.705421656399704  2.1556731086123539 27.52141712147321  2.1411015187867708 28.337772916417155  2.126669684841902 29.154826528922101  2.1123807800268888 29.972892380943065  2.0982379115399725 30.79226192054487  2.0842441506322542 31.613203713747414  2.0704025627114535 32.435963536370956 
 0 9 0.51481913479557639 7 0.78872078636580567 7 1 9
7 0 0  7 26 5  4.3726888343934265 0.0026107238726786088  4.3494983955933044 0.69820573623053417  4.325585972223827 1.3787377775685501  4.3010488738000161 2.0453733037399151  4.2759765244038173 2.6994103408368884  4.2504465244217693 3.3421542507198341  4.2245249588098241 3.9748792754527269  4.171302911655264 5.2395384494832289  4.1439851744910623 5.8709677167789298  4.1163746234724377 6.4944214247019492  4.0885224732176484 7.1111079549897456  4.0604720657521556 7.7221244824390931  4.0322604389028376 8.3284619289016302  3.974021482996748 9.5666926678930366  3.9439794555352341 10.198161403145281  3.913831852216028 10.826470878378375  3.8836104998183103 11.452555774435831  3.853342781283974 12.077248879650236  3.8230530697244234 12.701288054807693  3.747129318980015 14.26549757631159  3.7014932655997419 15.205710386088247  3.6559335304970912 16.148141216161992  3.6105099106511847 17.094666035070546  3.5652731622132783 18.046856601162258  3.520269406174104 19.005979777261672  3.4755431924998721 19.972961983364439 
 0 8 0.2108635350877095 6 0.42739864616699469 6 0.6558347760455675 6 1 8
7 0 0  7 26 5  2.6680544689500385 0.005074335104104398  2.6448662428260401 1.357068020221764  2.621643780839459 2.6797845522021291  2.5984307609622261 3.975491113704273  2.5752643891454867 5.2467106139543853  2.5521751489403943 6.4959802203673318  2.5291876668340585 7.7257766143274633  2.4828401340349662 10.183832216709677  2.459487636030123 11.411110110909133  2.4362857611634898 12.622886304096667  2.4132527810095183 13.821509468199062  2.3904044033584282 15.009112127703059  2.3677545514494693 16.187620288491971  2.3216440329097918 18.59430824641785  2.2982071258381067 19.821662852536072  2.2750204085583756 21.042876960922619  2.2520973419817212 22.259767264589353  2.2294504885466782 23.473952413104918  2.2070920739644873 24.686866550052294  2.15180163151653 27.727143374501701  2.119249539043488 29.554588596079242  2.0874208381997077 31.386344874196965  2.0563522957329097 33.226058436319867  2.0260789614826691 35.076784231514047  1.9966352411311012 36.940984598538471  1.9680549748221556 38.820460174190671 
 0 8 0.2108635350877095 6 0.42739864616699469 6 0.6558347760455675 6 1 8
7 0 0  8 30 5  4.2389864446851897 3.6126117329108962  4.2108432096047252 4.3080946712764669  4.1822290518609266 4.9916525173180561  4.1532221073439066 5.664853051612103  4.1238892056113574 6.3291626902395421  4.094287044668607 6.9859246174766385  4.0644638880239405 7.6363611718840172  4.0344612672752644 8.2815860101502494  3.9780625051848544 9.4808474622702903  3.9517009976183468 10.035899456057795  3.9252547840327736 10.588428826747036  3.898744782108738 11.139040379145619  3.8721894143744096 11.688286042723364  3.8456052133492453 12.23666784040617  3.8190073114163487 12.784640233970846  3.725825986503648 14.70439692237812  3.6592311768067227 16.07645553075691  3.5928660882743997 17.454799863892074  3.5268886309888701 18.844526167397998  3.4614223143265992 20.249694941810969  3.3965750147313369 21.67338424529666  3.3324503819819635 23.117502523118517  3.2405899318340903 25.243781656519626  3.2121890250370777 25.909352343332589  3.1839584443148148 26.579441773502353  3.1559042282496055 27.254142852220426  3.1280315101549481 27.933522777810328  3.1003446607992315 28.617621755441181  3.0728473807591392 29.306452424553932  3.0455427424027701 30.000000000000004 
 0 9 0.19862037496806301 7 0.37158854980554751 7 0.80459485103881312 7 1 9
7 0 0  8 30 5  2.5422274993221277 7.021655076452384  2.5170880834603695 8.3734309288841455  2.4920625826918354 9.7020285680883642  2.4671795425160585 11.010495211772652  2.4424628761936367 12.301681060478741  2.4179328635665587 13.578196795173856  2.3936070634608893 14.842418214973492  2.3695010643024998 16.096509879403307  2.3248400537843996 18.427455158288062  2.3042284924007133 19.506282316592337  2.2838039305582241 20.580206376918408  2.2635750951394225 21.650402868512515  2.2435501483801046 22.717944549437217  2.2237369394201556 23.783807176869594  2.2041431818015682 24.848874065729266  2.1362943975919264 28.580210365699365  2.089225823004266 31.247012946479686  2.0437064518964818 33.926032780195257  1.9998374792715228 36.627175187714052  1.957712225413067 39.358332363688866  1.9174204296742208 42.125486977600396  1.8790483907413256 44.932348380422972  1.8262592601591512 49.065092161048049  1.810248113864128 50.358729046857157  1.7946465519741588 51.661148791044575  1.7794596231576216 52.972531968845814  1.7646916027590975 54.293009190325719  1.7503460430506148 55.622658600285824  1.7364257962992133 56.961504765382124  1.7229330106508234 58.309518948452997 
 0 9 0.19862037496806301 7 0.37158854980554751 7 0.80459485103881312 7 1 9
1 6.2831853071795862 -0 0 1 
1 0 -0 0 1 
8 0 1
7 0 0  6 19 4  3.7915315567591317 58.309518948453004  3.8489355196709991 54.537171901207707  3.9059563341726125 50.852767517339409  3.9626402533054401 47.265286355358391  4.0189744751945744 43.778680820095346  4.0749149228592554 40.391675992837094  4.1303973884242495 37.09947388663474  4.1841628990591744 33.909151891241947  4.2374984935518327 30.807841999247579  4.2903474247115838 27.791077321042902  4.3426389175173519 24.850981388042147  4.3942988293503822 21.977683815911501  4.445246049074731 19.160284665542484  4.5053722888446801 15.835280998033912  4.56450663917634 12.58809671199508  4.622512841130173 9.4009283166344595  4.6792435056000556 6.2539248529240226  4.7345285919970284 3.126952415864416  4.7881553590540573 1.0658141036401503e-14 
 0 7 0.32126448823403098 6 0.63258714608050881 6 1 7
8 0 1
7 0 0  7 50 8  7.2040427308051447 58.30951894845299  7.2089060668409521 55.793336829685167  7.2154551593012917 53.315191879295476  7.2236492934113521 50.877506357093743  7.2334424693232595 48.481904688710436  7.2447820766420481 46.129208198089515  7.2576091888312764 43.819479637153108  7.2718604774999216 41.55211751275084  7.2754232986474658 40.985277045949211  7.2790751332140093 40.421084484187077  7.282814988114108 39.859530432394479  7.2866418562894619 39.300603055737056  7.2905547167087352 38.744288079632049  7.2945525343677993 38.190568789729653  7.2986342602894956 37.639426031928778  7.3027159888229658 37.088283227491424  7.3068816234014875 36.53971716804454  7.3111301170247209 35.993708244481262  7.315460414773165 35.450234676504877  7.3198714538081662 34.90927251263858  7.3243621633719345 34.370795630215106  7.3289314647875168 33.83477573538471  7.3380700690886638 32.762735864006899  7.347523049922386 31.700523987453206  7.357281801697634 30.64791399793112  7.3673376568994815 29.604647367702078  7.3776819483597311 28.570436819173011  7.3883060715265483 27.544969994978537  7.3992015467350107 26.527913128070967  7.4100970212620281 25.510856248141749  7.4212638479228623 24.502209327599225  7.4326935383975492 23.501638532530151  7.4443777301598377 22.508788569326672  7.4563082260638609 21.523285954548911  7.4684770339322064 20.544742284774216  7.4808764061425537 19.572757506458487  7.4932757781324657 18.600772962908678  7.5059057025834086 17.635345386920811  7.5187585675991082 16.676071263216507  7.5318265466580669 15.722549920784759  7.5451026014981082 14.774351354374684  7.5585795233000539 13.831055513287318  7.5722506356623676 12.892225346629068  7.5995928539962794 11.014565305826748  7.6277117644182031 9.1547708891014743  7.6565533014900149 7.3093739745626802  7.6860677989029949 5.4748073651200899  7.7162099980472458 3.6474630655160309  7.7469385849100387 1.8237284041925006  7.778215255305116 1.7763568394002505e-15 
 0 8 0.25 7 0.3125 7 0.375 7 0.5 7 0.625 7 0.75 7 1 8
8 0 1
7 0 0  8 57 8  7.7782152553051169 -8.8817841970012523e-16  7.7645317888596406 0.79787630120806252  7.7509511287859869 1.5957520637648179  7.7374762261582042 2.3939103340697994  7.7241101511243482 3.1926337435403092  7.7108560929060399 3.9922045086142517  7.6977173597990447 4.7929044307462139  7.6846973791726949 5.5950148964116391  7.6717996974703322 6.3988168771034051  7.6589020175087894 7.2026187192767459  7.6461266627167861 8.0081106652299887  7.6334771107595598 8.8155767095794246  7.620957263223211 9.6252861236365828  7.6085706358961627 10.437530089644621  7.5963214363277247 11.252574275067825  7.5842136106467919 12.070698091591614  7.572251433344392 12.892170605244054  7.5483270747293396 14.535115757142529  7.5249852746560597 16.191457061560314  7.5022597640111925 17.863364749988975  7.4801865143437016 19.552960282976596  7.4588034989502656 21.262305536169197  7.438150613943348 22.993370731387856  7.4182694039997727 24.747994398601858  7.3992022374804858 26.527848654581327  7.3896686556373599 27.417775660806672  7.380338591145474 28.314009945272559  7.3712173404412056 29.21676030569963  7.362310265132308 30.126224772273439  7.3536227674652581 31.042589221564445  7.3451602657934831 31.966025990442738  7.3369281700445708 32.896692489999346  7.3289318571883717 33.834729819461486  7.3249336998874055 34.30374857851811  7.3209944914180749 34.774609727023979  7.3171148988292209 35.247331384762404  7.3132955925094842 35.721930184220327  7.3095372423445291 36.198421466424882  7.3058405138728801 36.676819476758936  7.3022060644433022 37.157137560798809  7.2986345393708598 37.639388360134561  7.2950630179583893 38.121639062876113  7.2915544279260027 38.605822181275457  7.2881094248840839 39.091949685656203  7.2847286574604908 39.580032326213988  7.2814127673004529 40.070079633014466  7.2781623890666811 40.562099915993812  7.2749781504392743 41.056100264960548  7.2718606721157801 41.552086549592246  7.2593907552437447 43.536031913352645  7.2479889743825874 45.551752242071053  7.2376949104282016 47.59962338398136  7.2285459431358134 49.67968914803032  7.2205765329774865 51.791625873016464  7.2138179083934437 53.934719491260566  7.2082981584356496 56.107855086855743  7.2040427308051447 58.309518948453004 
 0 9 0.125 8 0.25 8 0.5 8 0.625 8 0.6875 8 0.75 8 1 9
8 0 1
7 0 0  8 33 5  4.7881553590540564 2.1316282072803006e-14  4.7689471767409453 1.1200198776628365  4.7495364337268837 2.2400398258345184  4.7299313398750069 3.3608404392774847  4.7101396586458568 4.4832037712093342  4.690168753602296 5.6079111681271696  4.6700256349150528 6.7357411046265678  4.6497170058675197 7.8674670182262734  4.6292493093614357 9.0038551441881509  4.5926736505979697 11.034574466693991  4.5555899069436103 13.080188392518895  4.5180348515275579 15.14506748824418  4.4800417237729215 17.233554234002177  4.4416424551194682 19.349825473398546  4.4028661167860559 21.497961140387833  4.3637413953300941 23.681714723402724  4.3242950305922143 25.904460141443398  4.3003731230566622 27.25242485958935  4.2763329553226717 28.614728985431551  4.252180493742113 29.992123544120457  4.2279215587741303 31.385304802349047  4.2035617661305995 32.79490280249113  4.1791064679159931 34.221469896718915  4.1545606937736608 35.665469281145874  4.1299290920265195 37.127263529947584  4.0883733690259714 39.593441068468636  4.0465731759264809 42.110277721712855  4.0045513223154128 44.679474218812111  3.9623263188578868 47.301979753609722  3.9199111899187318 49.977810868911043  3.87731169661311 52.705937805589237  3.8345239703423935 55.484238317032542  3.7915315567591317 58.309518948453004 
 0 9 0.17546895653456371 8 0.4890310435935758 8 0.67918806039172763 8 1 9
8 0 1
7 0 0  8 57 8  7.2040427308051447 58.30951894845299  7.2082981586373291 56.107854923614859  7.2138179088932519 53.934719410550244  7.2205765329694698 51.791625950685678  7.2285459422826985 49.679689364080261  7.2376949090224754 47.599623674214385  7.2479889728970956 45.551752534544633  7.2593907538730491 43.536032156898813  7.2718606709076328 41.552086741619775  7.274978149387926 41.056100424953435  7.2781623881839455 40.562100044995418  7.2814127665040163 40.070079744332311  7.2847286566247753 39.580032438860663  7.2881094238910462 39.091949817760892  7.291554426715992 38.605822343528999  7.2950630165809836 38.121639251948068  7.2986345380356754 37.639388552107235  7.3022060629261629 37.157137790346553  7.3058405119282535 36.676819701229547  7.3095372402056604 36.198421689451131  7.3132955904225065 35.721930422003872  7.317114896818504 35.247331646190844  7.3209944892836418 34.774610007727404  7.3249336974334005 34.303748868739405  7.3289318546835309 33.834730125854193  7.3369281671820978 32.896692830313754  7.3451602626401833 31.966026342538882  7.3536227638869036 31.042589586428122  7.3623102610828406 30.1262251609648  7.3712173360529292 29.216760729659459  7.3803385866204732 28.314010409999177  7.3896686509399361 27.417776162892356  7.3992022318307535 26.527849182114622  7.4182693934939268 24.747995188808837  7.4381506198489316 22.993370691275977  7.4588034815269157 21.262306384052163  7.4801865094130262 19.552960728634968  7.5022597719838053 17.863364644949559  7.5249852593992852 16.191457718509138  7.5483270743478936 14.535115923229037  7.5722514296460322 12.89217085994245  7.5842136070923685 12.070698334113315  7.5963214327576445 11.252574511523886  7.6085706333229455 10.437530271831172  7.620957258946766 9.6252863733254301  7.6334771082981447 8.8155768885329646  7.6461266597923379 8.008110843303049  7.6589020150234273 7.202618877076902  7.671799695190078 6.3988170192249747  7.6846973771305533 5.5950150220592896  7.6977173579853533 4.7929045412859068  7.7108560912994921 3.9922046057312972  7.7241101497106559 3.1926338282902149  7.7374762249483684 2.3939104059282696  7.7509511278350436 1.5957521196785756  7.76453178828499 0.79787633464506813  7.7782152553051169 -4.4408920985006262e-16 
 0 9 0.25 8 0.3125 8 0.375 8 0.5 8 0.75 8 0.875 8 1 9
8 0 1
7 0 0  8 33 5  3.7915315567591312 58.309518948452997  3.8344669501476081 55.487985441946279  3.8771981930428003 52.713307909281902  3.9197416790446011 49.988666770633309  3.9621012806476799 47.316177099022184  4.0042712861503729 44.696867398530607  4.0462387513234734 42.130725365723308  4.0879852658404179 39.616810634460556  4.1294881344674801 37.153434503914788  4.1550597580043451 35.63564680918806  4.180538956974754 34.137041279686052  4.2059205330630194 32.657213521306005  4.2311988476004139 31.195642194061556  4.256367890712375 29.751702819212234  4.2814213504531784 28.324681586300617  4.3063526819542268 26.913789160285255  4.3311551765608529 25.518174488595967  4.3696855205578977 23.350105500033919  4.407904859997366 21.218908229102581  4.4457880082186962 19.121386735602478  4.4833080739305986 17.054006062277459  4.5204377026687173 15.012942156217662  4.5571469680093646 12.994281921305028  4.5934047073012412 10.99396274500323  4.6291765248042562 9.0078961966031894  4.6496538143363457 7.8709884301408319  4.6699719122663224 6.7387490610279421  4.6901243675416566 5.6104108556097296  4.7101044684271285 4.4851993568248396  4.7299051958906349 3.3623350544235793  4.7495191769870369 2.2410355551999053  4.7689386382457961 1.120517753209755  4.7881553590540555 2.5757174171303632e-14 
 0 9 0.32038642831782282 8 0.51778969256586227 8 0.82445305070445896 8 1 9
7 0 0  11 155 15  2.6419864176732366 58.30951894845299  2.6519711678911224 57.63986117626483  2.6619905045184655 56.96916517121069  2.6720451283016056 56.297480713532025  2.6821356114729022 55.624864485395683  2.6922625905448281 54.95136713297908  2.7024266032979516 54.277043769617357  2.7126280943886028 53.601953370973305  2.7228675245908587 52.926151342877539  2.7331453396218111 52.249691342673977  2.7434617853891723 51.572637219133242  2.753817197718325 50.895043691845153  2.758994903765605 50.556246962158198  2.7641823458658399 50.217315702692474  2.7693795597338977 49.878257210907314  2.7745865770204805 49.53907882546757  2.7798034253323771 49.199787926302918  2.7850301281989727 48.860391934506026  2.7902667051167707 48.520898312473655  2.7955131715009931 48.181314563747499  2.8007695387288591 47.841648233160278  2.8060358141078989 47.501906906727591  2.8113120008946417 47.162098211711289  2.8165881888678994 46.822289368519293  2.8218742815711306 46.482413685093327  2.8271702973020254 46.142477584664036  2.8324762259982799 45.8024891639513  2.8377920517015909 45.462456723045555  2.8431177603893474 45.122388208763333  2.8484533383137665 44.782291251949815  2.8537987664468534 44.442173482071645  2.8591540160645357 44.102042798707657  2.864519051086778 43.761907283639474  2.8698938422856761 43.42177443347412  2.8752686332454274 43.081641612556879  2.8806531767233516 42.741511567937742  2.8860474374277709 42.401392111468262  2.8914513747961337 42.061291043234299  2.8968649430162015 41.7212161521349  2.9022880909910094 41.381175214916297  2.9077207623852086 41.041175997462126  2.9131628955753626 40.701226253394715  2.9186144236933877 40.361333725311979  2.9240752745957153 40.021506143897554  2.9295453708808332 39.681751228435424  2.9350154652855762 39.341996387507976  2.9404948037019003 39.002314261992865  2.9459833391087096 38.662710823189535  2.9514808609357948 38.323200681247442  2.9569875295319301 37.983777561405198  2.9625030223220867 37.644462129353208  2.968027253775241 37.305260904708014  2.9735603400159669 36.966168703945392  2.9791018914067591 36.627208969385499  2.9846519819742099 36.288378026757009  2.9902104171961761 35.949687327979653  2.9929896354037617 35.780341957477361  2.9957709466172511 35.611031179969082  2.9985543238756551 35.441756817086521  3.0013397724099806 35.272518268065916  3.0041272655599696 35.103317132450648  3.0069167726706638 34.934155338122459  3.0097082883645307 34.765033081207221  3.0125018219804298 34.59594946793591  3.0152973559251106 34.426905337095555  3.0180948310861737 34.257904325441459  3.0208942673134023 34.088944826020779  3.0236937014140528 33.919985463489859  3.0264950831526463 33.751068477153218  3.0292983943836802 33.582194742754851  3.0321036166816606 33.4133651242893  3.0349107313702919 33.244580474366245  3.0377197194762808 33.075841633602892  3.0405305617872362 32.907149431437986  3.0433432387933426 32.738504685241203  3.0461577307348198 32.569908201112824  3.0489740175708278 32.401360773297348  3.0517920789956738 32.232863184529165  3.0574282021894894 31.895867988679836  3.0630714240631378 31.559072123924359  3.0687215837069881 31.222481762301488  3.0743785161630619 30.886102869425866  3.0800420524338503 30.549941204650636  3.0857120194693741 30.21400232081518  3.0913882401816943 29.878291564551674  3.0970705334325817 29.542814075990627  3.102758714041153 29.207574788984118  3.1084525927808082 28.872578430973629  3.1141519763796244 28.537829523049783  3.1198513597778326 28.203080626848205  3.1255562470761578 27.868579228944405  3.1312664448960512 27.534329856713246  3.1369817552891028 27.200336857085219  3.1427019757542949 26.866604396560902  3.148426899211668 26.533136461217698  3.1541563140339788 26.199936856652581  3.1598900040162357 25.867009208102168  3.1656277483993227 25.534356960282388  3.1713693218552677 25.201983377542909  3.1771144944945342 24.869891543756456  3.1785507882031538 24.786868573812775  3.1799873033091477 24.703863223719843  3.1814240446788178 24.620876142331998  3.1828610323645461 24.537902520607819  3.1842980660948368 24.454961487120787  3.1857357570729992 24.372005405346318  3.1871729321542106 24.289115471947884  3.1886110273012434 24.206198080091589  3.190048927900031 24.123322920052832  3.1914871909620812 24.040455729579708  3.1929256260430399 23.957607773350922  3.1943640648789424 23.874759585951168  3.1958027099518795 23.791928614604476  3.1972415571767705 23.709114917346707  3.1986806024616907 23.626318552168279  3.200119841727858 23.543539577144312  3.2015592708768659 23.460778050227365  3.2029988858336806 23.378034029511856  3.2044386825008804 23.295307572959327  3.2058786567982325 23.212598738631826  3.2073188046350651 23.129907584530848  3.2087591219255889 23.047234168686163  3.2116397565910551 22.881887141675755  3.214521068977632 22.716611214723045  3.2174030265076912 22.551406684892118  3.22028559659989 22.386273849189234  3.2231687466788443 22.221213004724344  3.2260524441624163 22.056224448464977  3.2289366564734476 21.891308477531854  3.2318213510334739 21.726465388916196  3.2347064952619418 21.561695479694269  3.2375920565817164 21.396999046900184  3.2404780024129369 21.232376387582953  3.2520217826281739 20.573885260397251  3.2635717290991169 19.916570696629865  3.2751257370151667 19.260446255281561  3.2866817479168526 18.605516428556456  3.2982376862884304 17.951780498152718  3.3097914680257081 17.299232320577318  3.3213410189489943 16.647859543046117  3.3328842724790686 15.997643987381224  3.3444191471963065 15.348563173903747  3.3559435358841481 14.700591193090661  3.3674553692065734 14.053695367610537  3.3904790323172511 12.759903916025197  3.4134524312586572 11.47041948851928  3.4363588576617206 10.184989341057383  3.4591813639665112 8.9033000414585786  3.4819030942037013 7.6249670317022673  3.5045067076442531 6.3495749576369187  3.526974746073507 5.0766650419470487  3.5492895608655548 3.8057472225842202  3.5714328572109855 2.5363338722010904  3.593386264689213 1.2679160671064493  3.6151308382295624 7.9936057773011271e-15 
 0 12 0.125 11 0.1875 11 0.25 11 0.3125 11 0.375 11 0.40625 11 0.4375 11 0.5 11 0.5625 11 0.578125 11 0.59375 11 0.625 11 0.75 11 1 12
7 0 0  10 111 12  4.3378828214860885 58.309518948452997  4.3375867749395578 57.572895863756756  4.3371390406139945 56.835002553691822  4.3365377201889546 56.095910824744962  4.3357808882488227 55.355694014144177  4.3348666030877894 54.614426900797291  4.3337929174852441 53.872185615608217  4.3325578895177959 53.129047552620129  4.3311595933349416 52.385091279264536  4.3295961299638535 51.640396447399837  4.3278656380953731 50.895043703785369  4.3261351459908468 50.149691091258006  4.3242376253934252 49.403679318675728  4.322171221955414 48.657094762966771  4.3199340725770012 47.910004164823732  4.3175244980346585 47.162513091209419  4.3149406754140927 46.414686912517389  4.3121809372814166 45.666600969159781  4.3092439159351548 44.918374382530523  4.3061279921779203 44.170066319392653  4.3028319178742205 43.421774431085147  4.2995358403657349 42.673482058372478  4.2960595925486711 41.92520397071744  4.2924018387154819 41.177024423052089  4.2885613564400815 40.42902998249378  4.2845370533337306 39.681306821672315  4.2803279772532017 38.933939825997328  4.2759333237949431 38.18701267132834  4.2713524446903186 37.440608028821707  4.2665848609658994 36.694807053467208  4.2616302844984828 35.949687312983407  4.2591529937609662 35.577127121592149  4.2566289740770706 35.20474073617364  4.2540580676531823 34.832517442128243  4.251440633372324 34.460533520940565  4.2487758660574464 34.088661721267343  4.2460647619886043 33.717085263966304  4.243306466322613 33.345662556332925  4.2405015460654925 32.974498235810579  4.2376497869059158 32.603557670307723  4.2347513118546738 32.232863232818005  4.231852835048624 31.862168507730964  4.2289076284182983 31.491717399820786  4.2259157359302959 31.121518401167368  4.2228772130940921 30.751579678701102  4.2197921269581595 30.381909074188609  4.2166605561136024 30.012514104250855  4.2134825906929505 29.643401960345884  4.2102583323680198 29.274579508781031  4.206987894354115 28.906053290706961  4.2036714014060363 28.537829522119178  4.2003549083286744 28.169605740571249  4.1969923613677835 27.801684480098629  4.193583885151595 27.434071944949157  4.1901296165690747 27.066774062319521  4.1866297047558927 26.699796482225786  4.1830843111157812 26.333144577704498  4.1794936092947861 25.966823444566501  4.1758577852061158 25.60083790163787  4.1721770370110347 25.235192490570991  4.1684515751303479 24.869891475961929  4.1675202113536143 24.778566403689066  4.1665860427055899 24.687261763844841  4.1656491106430149 24.595981592884382  4.1647093551756287 24.504719568281015  4.1637668211681405 24.413479715608961  4.1628215421018799 24.32226519459115  4.1618734703041271 24.231071264168843  4.1609225684246205 24.139893899014481  4.1599689228807399 24.048740901815908  4.1590124857490807 23.957607727942339  4.1580560508728137 23.866474717027721  4.1570968380942599 23.775362749487019  4.1561348513443859 23.684271904993963  4.1551700945582084 23.593202263203775  4.1542025716638804 23.502153903807102  4.1532322865982341 23.411126906443066  4.1522592432897651 23.320121350809092  4.151283445673065 23.229137316550755  4.1503048976793524 23.138174883349741  4.1493236032412355 23.047234130868453  4.1473610168238153 22.865352408039964  4.1453874426274373 22.683557587725435  4.1434029147381723 22.501850077501128  4.1414074672409775 22.320230284947858  4.1394011342236228 22.138698617641911  4.1373839497687026 21.957255483160676  4.135355947965917 21.775901289085876  4.1333171628976171 21.594636442990733  4.1312676286518748 21.413461352457563  4.1292073793134545 21.232376425062128  4.1209663911039511 20.508035968442684  4.1125540019220379 19.785134280148391  4.1039724992971429 19.063688126814821  4.0952242810067894 18.343703836036383  4.086311846120446 17.625177927961186  4.077237786039837 16.908097746689272  4.0680047755461484 16.192442091944095  4.0586155638370416 15.478181850437339  4.0490729655753448 14.765280627512867  4.0393798519273512 14.053695378585616  4.0199936258097368 12.630524919164763  4.0000053389292409 11.212617834063208  3.9794379788935945 9.7996299380951619  3.9583154713949984 8.391109278858945  3.9366624565300405 6.9865167256799223  3.9145041252113719 5.5852460933367665  3.8918661157295618 4.186643800410252  3.8687744703890443 2.7900280624502436  3.845255652299127 1.3947076197662551  3.8213366222499028 8.8817841970012523e-16 
 0 11 0.125 10 0.25 10 0.375 10 0.4375 10 0.5 10 0.5625 10 0.578125 10 0.59375 10 0.625 10 0.75 10 1 11
8 0 1
7 0 0  6 25 5  2.0704025627114535 58.309518948452997  2.0736367598627172 56.865438422756768  2.0775201597398647 55.416857884514727  2.0820674882472692 53.964645557757905  2.0872927499979084 52.509700120938788  2.0932081148140242 51.0529469443049  2.0998228042273213 49.595334327261654  2.1128581526425898 46.722865064173071  2.1286126212942071 43.846329165372644  2.147153745902509 40.974182592828903  2.1685032022157973 38.113683324168569  2.1926186660479554 35.270391825184433  2.2193700355009183 32.449284789932392  2.2443941946398969 29.810323836327292  2.2717306959008048 27.19015731924539  2.3012748647412256 24.59291403856151  2.3328797061131343 22.019550537080235  2.3663718698922032 19.468795969209591  2.4015562645428696 16.938420727253654  2.4414345178059578 14.0704733301509  2.4834930200402088 11.228250536845286  2.5274574023015197 8.4078740445198239  2.5730482390186058 5.6019589987614768  2.6200008562473007 2.801983899430283  2.6680544689500238 1.7763568394002505e-15 
 0 7 0.14485499548878758 6 0.43031594767659198 6 0.69734602914244226 6 1 7
7 0 0  7 26 5  2.0704025627114535 58.309518948452997  2.0731747332051613 57.071735595882892  2.0764106133292275 55.830738161543707  2.0801186353839229 54.587022180348903  2.0843068882838209 53.341097441957196  2.0889828505617283 52.093485071605606  2.0941530720483015 50.844716500714036  2.1109959580492581 47.133218169812316  2.1241113537425393 44.668195226208127  2.1392075313101699 42.205104922584056  2.1563035326716586 39.748251995994906  2.1753933228924831 37.301315606138822  2.1964402936046286 34.867376210814271  2.2408193118367192 30.187318156103093  2.2639202782414558 27.938776687540976  2.2886130579566699 25.706017695446668  2.3148198167371827 23.490044522742657  2.3424488847722857 21.290763242202338  2.3713982147718666 19.107313850343886  2.4357376326734168 14.480180395432235  2.4714762733577 12.040313075355034  2.5086155812095674 9.6166088018611244  2.5469962754596365 7.2053370804517929  2.5864633039896598 4.8019671755436981  2.6268656500138077 2.4017002182257201  2.6680544689500243 0 
 0 8 0.14485499548878758 6 0.43031594767659198 6 0.69734602914244226 6 1 8
7 0 0  8 37 6  2.5422274993221281 0  2.487964496754727 3.1640495764038201  2.435304402968864 6.3288949401194063  2.3845611446355526 9.5047031292650885  2.3360440632584041 12.702318435109682  2.290065837707592 15.931598417969141  2.2469447861410146 19.20008457572316  2.2069832594722465 22.510858872912088  2.1416810861292581 28.495018978091768  2.1150271824530087 31.154839912005201  2.0905962848651467 33.838044863591215  2.0684711473915631 36.542506821970264  2.0486962486758404 39.265170144715327  2.0312809087438968 42.001804334914425  2.0162023772000683 44.746988107131692  2.0018330961206621 47.833056207285161  2.0002901992906215 48.171923507118905  1.9987818897446745 48.510833431407889  1.997308061626005 48.849776725121053  1.9958686037842299 49.188744151381123  1.994463399775394 49.527726491464691  1.9930923278619734 49.866714544802143  1.9904181010918618 50.544707309538865  1.9891149515598072 50.883712039982065  1.9878456853252144 51.222704145561096  1.986610171230647 51.561674498222338  1.985408274052733 51.90061401660499  1.9842398545021633 52.239513666040921  1.9831047692236905 52.578364458554766  1.9798063954279288 53.592492355161994  1.9777417883956077 54.267597578877144  1.9758078863201305 54.942402443981521  1.9740034720082422 55.616837228933264  1.9723272835558288 56.29083324683841  1.9707780234512875 56.964322921612741  1.9693543676788912 57.637239864143829  1.9680549748221561 58.309518948452997 
 0 9 0.45998005796589764 7 0.82179725690491545 7 0.86641974098514574 7 0.91104533119287945 7 1 9
7 0 0  10 121 13  2.5422274993221281 -8.8817841970012523e-16  2.5186338671728241 1.375733964636551  2.4953348474657422 2.7516125134168701  2.4723539701748543 4.1284001691053875  2.4497146134247938 5.5068778224338519  2.4274401124085512 6.8878282418616914  2.4055538232788036 8.2720206036098904  2.3840791420515908 9.6601940421148207  2.3630394784764435 11.053040220726976  2.3424581849181387 12.451184922825872  2.3223584402133213 13.855168663214418  2.3123085665594498 14.557160531130084  2.3023790801473658 15.260612245414267  2.2925728742028952 15.965591315806403  2.28289283284365 16.67216002537155  2.2733418245818453 17.380374776754195  2.2639226958269112 18.09028543841006  2.2546382643916698 18.80193469086656  2.2454913129905756 19.515357372954057  2.236484582748814 20.230579828060446  2.2276207667008601 20.947619250371105  2.2231888590939857 21.306138997865471  2.2187926780275742 21.665112901156039  2.21443256123192 22.02454320068  2.2101088422899942 22.384431495044506  2.2058218506290337 22.74477874095594  2.2015719115326498 23.105585253322822  2.1973593461271981 23.466850705138402  2.1931844713939603 23.828574127586975  2.1890476001604595 24.190753909967295  2.1849490411053711 24.553387799736214  2.1839244010762342 24.644046247158911  2.1829021555934589 24.734733086093449  2.1818823093840054 24.825448269694729  2.1808648671777071 24.916191751131826  2.1798498336993282 25.006963483550365  2.1788372136804752 25.097763420124856  2.1778270118455039 25.188591514002692  2.176819232924863 25.279447718350646  2.1758138816449502 25.370331986325201  2.174810962734254 25.461244271086674  2.1738080424328476 25.55215668294273  2.1728075608828674 25.64309634341063  2.1718095081946958 25.734065188716208  2.1708138762632916 25.825062955718828  2.1698207652567301 25.916082336172025  2.1688300536514502 26.007134375790038  2.1678417069682969 26.098221779644909  2.1668559124823892 26.18932888342896  2.1658725025632841 26.280470682788106  2.1648915679081631 26.371639480467515  2.1629296925421446 26.553977619729448  2.1609776340963345 26.736431256376274  2.1590354288644669 26.918999848301091  2.1571031123588256 27.101682844293471  2.1551807193115984 27.284479684016976  2.1532682836735368 27.467389798043939  2.1513658386144638 27.650412607812704  2.1494734165240881 27.833547525669768  2.1475910490102166 28.016793954836601  2.1457187669005999 28.200151289430245  2.1307405090005052 29.667010012078421  2.1164077236149788 31.140966231049973  2.1027362012145425 32.621708483119335  2.0897386240422704 34.108879411498648  2.0774246983382527 35.602060646162073  2.0658012842842566 37.100761139766412  2.05487252371791 38.604408960197169  2.0446399655510499 40.112346538423296  2.035102688963228 41.62382937304551  2.0262574243073499 43.138028190342276  2.0240461081186858 43.516577873471952  2.0218780435161832 43.895297310126985  2.019753178922469 44.274173521560911  2.0176714540736018 44.653193201877592  2.0156328000153758 45.032342717986516  2.0136371391087176 45.411608109671143  2.0116843850235653 45.790975089506148  2.0097744427443938 46.170429042938785  2.0079072085661847 46.549955028223657  2.0060825700967997 46.929537776464592  2.0056264093107044 47.024433742659497  2.0051729219748871 47.119330788701632  2.0047220459086068 47.214241915381336  2.0042739645896583 47.309126718858622  2.003828286738671 47.404068371965792  2.0033855837735466 47.498945667352245  2.0029452785148893 47.593877436978048  2.0025077346924376 47.688789845534586  2.002072796999105 47.783712503108042  2.0016405056370945 47.878637364539699  2.0012082135708149 47.973562320174089  2.0007785614179374 48.068490638201354  2.0003515469957178 48.16342213256376  1.9999271681210633 48.25835661723022  1.9995054226115245 48.353293906123511  1.9990863082837762 48.448233813227915  1.9986698229553896 48.543176152463452  1.9982559644432467 48.638120737802808  1.9978447305646096 48.733067383184959  1.9974361191366121 48.828015902565603  1.9966188942565144 49.017912953871225  1.9958121608087205 49.207817490978044  1.9950158991344378 49.397728041938912  1.9942300895773055 49.587643134840164  1.9934547124767332 49.777561297711863  1.992689748177686 49.967481058656197  1.9919351770194893 50.157400945702889  1.9911909793459248 50.347319486938908  1.9904571354980478 50.537235210416277  1.9897336258181795 50.727146644202904  1.9868395803154228 51.486792368706574  1.9841108467198969 52.246369824933517  1.9815460834656782 53.005785239617794  1.9791438574717461 53.764945823152395  1.9769026559414626 54.523759901901563  1.9748208981729147 55.28213705066365  1.9728969473550153 56.039988224982984  1.9711291223786238 56.797225893570122  1.9695157096348437 57.553764170672856  1.9680549748221559 58.309518948452997 
 0 11 0.25 10 0.375 10 0.4375 10 0.453125 10 0.46875 10 0.5 10 0.75 10 0.8125 10 0.828125 10 0.84375 10 0.875 10 1 11
7 0 0  8 57 8  1.0232050115148554 58.309518948452997  1.0280838592675945 56.131102148545352  1.0342851844048346 53.980636420356923  1.041770557286904 51.859541771519581  1.0505007034854708 49.768812300960278  1.060434785355574 47.709017345443435  1.0715301900609973 45.680316233692594  1.0837428240515152 43.682486648092379  1.0970279139934063 41.714966593965187  1.100349189743971 41.223086270724025  1.103737468796633 40.733102810032314  1.1071921657586905 40.244996242840948  1.110712297836014 39.758783671371468  1.1142976070983919 39.274411125895114  1.1179469441854937 38.791907676560626  1.1216598191231673 38.31124015956506  1.1254354573512071 37.832398913648952  1.1292110957389647 37.353557629806211  1.1330495075470857 36.876542081942432  1.1369499794771458 36.401337494400252  1.1409117983141319 35.927928068093919  1.144934250926452 35.456296980539349  1.1490166242659727 34.986426385814639  1.1531582053679197 34.518297414599971  1.1573582813510066 34.051890174146529  1.1657584339814926 33.119075728766731  1.174392570711644 32.193148522111883  1.1832549984524596 31.273950103218041  1.1923400497059544 30.361307072465415  1.2016421002159532 29.455032306382126  1.2111555866194843 28.5549261824575  1.2208750240974542 27.660777803944203  1.23079502402598 26.772366224669938  1.2407150230514983 25.883954545902093  1.2508355870509738 25.001279839104136  1.261151320202105 24.124120701936789  1.2716569272089211 23.25224603937729  1.2823472222269925 22.385415914933027  1.2932171377881194 21.523382401853311  1.3042617337256148 20.665890434338664  1.3154762060990774 19.812678658756308  1.3266906773621088 18.959466433580427  1.3380750255798264 18.110536359489  1.3496243926218867 17.265628962352277  1.3613340573995567 16.424480286186661  1.3731994358655943 15.586821893167846  1.3852160810143257 14.752380863613528  1.3973796828816618 13.920879796000664  1.4096860685450041 13.092036806952386  1.4342988401449364 11.434351581846537  1.4594827521434366 9.787302264795283  1.4852044187943243 8.1486448238278637  1.5114326497692097 6.5160823105332257  1.5381383669874698 4.8872848126834274  1.5652944259218677 3.2599055555259762  1.5928753413786991 1.6315931517298221  1.620856917753426 1.1546319456101628e-14 
 0 9 0.25 8 0.3125 8 0.375 8 0.5 8 0.625 8 0.75 8 1 9
8 0 1
7 0 0  9 64 8  8.7520865684713822 58.309518948453004  8.7196563182592417 56.373148169411422  8.6874071761456193 54.458517987415256  8.655329023855943 52.566573487071771  8.6234154055535548 50.698025164195194  8.5916628081887314 48.853347640797452  8.5600700626095954 47.032783810262686  8.5286378654150656 45.236354412408105  8.4973684215700249 43.463873038718667  8.4662652077664795 41.714966567537246  8.4584894039534841 41.277739912118641  8.4507239846760775 40.841986547312942  8.4429690457620392 40.407702328278184  8.4352244577159947 39.974871832569818  8.4274908176335526 39.543514573300392  8.4197672110332462 39.113571275477412  8.4120548590491673 38.685094670648269  8.404353093050025 38.258035104005479  8.3966622904308714 37.83239887518247  8.3889714806789222 37.406762216689245  8.3812915723769095 36.982545562110083  8.3736226493270607 36.559739061241963  8.3659647991214374 36.138332296445846  8.3583181131350486 35.718314282557543  8.3506826865353787 35.299673467011438  8.3430586182721367 34.882397729706668  8.3354460110859243 34.46647438312084  8.3278449715025076 34.051890172234543  8.3126428924374345 33.222721802528646  8.2974870800108462 32.398910132339054  8.2823783831722366 31.580349555382575  8.2673177023271602 30.766926156033623  8.2523059862339405 29.9585182498111  8.2373442288919012 29.154996923863592  8.2224334664407195 28.356226577465673  8.2075747740482363 27.562065462494651  8.192769262807726 26.772366223929037  8.1779637521575257 25.982666929664735  8.1632114255816308 25.197429798745187  8.1485133954468143 24.416507113054525  8.1338708129126047 23.639745874810291  8.1192848676057601 22.86698813808863  8.1047567872997313 22.098071340365752  8.0902878375883116 21.332828634040983  8.0758793215646776 20.571089217976091  8.0615325794964363 19.81267866902337  8.0471858342702731 19.054267828567195  8.0329008772514641 18.299187529297228  8.0186790886640864 17.547264795557954  8.0045218954272546 16.798324160900012  7.9904307711510985 16.05218766807041  7.9764072361424692 15.308674869024461  7.9624528573986426 14.567602824913802  7.9485692486127411 13.828786106096567  7.9347580701701261 13.092036792130227  7.9071357211387809 11.618538450679287  7.8798031234847219 10.15331372335276  7.8527736479578421 8.6948642547797093  7.8260615349914175 7.2416652821461396  7.7996820196168626 5.792171884098086  7.7736514563807431 4.3448252296347576  7.7479874442593246 2.898058827014534  7.7227089515752256 1.4503047726476861  7.6978364409126732 -2.6645352591003757e-15 
 0 10 0.25 9 0.3125 9 0.375 9 0.5 9 0.625 9 0.75 9 1 10
8 0 1
7 0 0  10 51 6  4.8685341734465011 1.2434497875801753e-14  4.8901774194100769 1.2620075353270499  4.9115171536393882 2.525926453193001  4.9325405055819935 3.7927497851383793  4.9532339252077211 5.0634713203582455  4.9735831263478323 6.3390833787844247  4.9935730510122651 7.6205738581843274  5.0131878549419353 8.9089225554138931  5.0324109140858315 10.205096761646166  5.051224852310825 11.510046131766494  5.0696115900933032 12.824696827767024  5.0879983331101748 14.139347312846077  5.1059578193946713 15.463699889828787  5.1234723119023551 16.798683328461227  5.1405219395828823 18.145172882302759  5.1570892964244655 19.504108193350923  5.1731522364892522 20.876246714497388  5.1886920853621294 22.262455192481376  5.2036870771967223 23.663422431430774  5.2181168111879428 25.079844506365021  5.2319603505522343 26.512312812621985  5.2388821217506161 27.228547040024438  5.2456573499068133 27.948793186269327  5.2522834363139692 28.673126095894041  5.2587577849505704 29.401616008265457  5.2650778091521548 30.134328234968581  5.2712409383084253 30.871322837323341  5.2772446245259417 31.612654303723428  5.2830863493286913 32.358371227172853  5.2887636303245547 33.108515982645862  5.2942740278967761 33.863124404573227  5.2997844261692064 34.617732549562298  5.3051279460035561 35.376805302942635  5.3103021311559599 36.140377117492278  5.3153045765081011 36.908476703649271  5.3201329312410381 37.681126769142821  5.3247849020082159 38.458343758604435  5.329258256110446 39.240137593214989  5.3335508246682393 40.026511410301637  5.3376605057964399 40.817461302990118  5.3415852677775888 41.612976059808759  5.3494347944338942 43.204005622578634  5.3565446380594643 44.81329510921406  5.3628985655516948 46.440756016983116  5.3684814235477818 48.08618585962278  5.3732792402719367 49.749262681662671  5.3772792375137257 51.429541905757347  5.3804697528917886 53.126455513291361  5.3828400722020202 54.839313557924385  5.3843801720645326 56.567308012417321  5.3850803726826868 58.30951894845299 
 0 11 0.25 10 0.5 10 0.625 10 0.75 10 1 11
7 0 0  7 20 4  4.8685341734464993 0  4.904245905020681 2.0823338889067808  4.9390899849577092 4.1701326578645519  4.9729984298933392 6.2686409180188631  5.0058959931571199 8.3831132114820708  5.0376987626000913 10.518757538865231  5.0683142765688318 12.680627775880708  5.133468834084149 17.552049070370565  5.1673745969587728 20.276827357730401  5.1991799313533447 23.056482637337787  5.2286888829008777 25.89895674968038  5.2556946040558099 28.811038339557847  5.2799943296103722 31.797565007215788  5.3231649160612564 37.974625687138797  5.3419395734267292 41.167698216460181  5.3575324936884554 44.44242725135733  5.3697698558080829 47.798737146089707  5.378509650728784 51.233474421289458  5.3836458399664595 54.740169280939135  5.3850803726819869 58.309518946720914 
 0 8 0.28875301548479021 6 0.64146922829926023 6 1 8
7 0 0  7 20 4  5.2730587470952326 58.309518941016712  5.271214092756245 55.301802768309507  5.2665023878522081 52.337608313911211  5.2590355084045717 49.422807487187143  5.2489182795182714 46.561514500559184  5.2362658696070952 43.755907429894684  5.2212021674806035 41.006385837809951  5.1826593694965766 35.019056012312966  5.1580556886967726 31.808556697882363  5.1302825035345894 28.678461737445573  5.0995914771632398 25.623717629135605  5.0662368353323757 22.636659863747656  5.0304565214223258 19.708036384675804  4.9598095234413426 14.351218038152018  4.9255198720266025 11.910517503827892  4.8897374219424936 9.4989219424778764  4.8525904558457365 7.109408743594777  4.8141937536067889 4.7346874523838753  4.7746496409180494 2.367348592487784  4.7340499475029727 0 
 0 8 0.30557376653043983 6 0.6789883916059728 6 1 8
8 0 1
7 0 0  7 22 4  5.2730587470998698 58.309518948453004  5.271214093435912 55.301802631931373  5.26650238633112 52.337608582578554  5.2590355096681574 49.422807314403592  5.2489182795712779 46.561514402180833  5.236265868778986 43.755907648368144  5.2212021679716871 41.006385724507901  5.2038562627520344 38.311831779367544  5.1826593659293732 35.019056291789681  5.1580556948625151 31.808556231340884  5.1302825024234204 28.678461773695965  5.0995914700067324 25.623718257360451  5.0662368434042166 22.63665918589933  5.0304565179762228 19.708036669117092  4.9924674291439786 16.827508233441129  4.959809528161947 14.351217867757015  4.925519854151692 11.910518151511727  4.8897374534748561 9.4989207948016752  4.8525904249050305 7.1094098765604636  4.8141937704222304 4.734686830976182  4.7746496367308522 2.3673487497221917  4.7340499475029736 3.5527136788005009e-15 
 0 8 0.30557376653043983 7 0.6789883916059728 7 1 8
7 0 0  11 133 13  3.8213366222499028 2.6645352591003757e-15  3.8430814329518257 1.2679294686816911  3.8644981061017645 2.5363214115722399  3.8855673651748286 3.8056882757125323  3.9062701699382552 5.0765453871290616  3.9265876811737797 6.3494007719682912  3.9465012532542891 7.6247448530682798  3.9659924544613765 8.9030400217859906  3.9850431151873216 10.184710085310611  4.0036354038686088 11.470129589222514  4.0217519307886356 12.759613015505201  4.039375879645295 14.053403855862296  4.0481878540378409 14.700299229868452  4.0568766824485429 15.348271463956216  4.0654402647633212 15.997350971765933  4.0738765346489938 16.64756373903527  4.0821834648902362 17.298930973410535  4.0903590728331407 17.951468754645639  4.0984014256695618 18.605187684221246  4.1063086459163021 19.260092535681665  4.1140789166973102 19.916181904230527  4.1217104871906756 20.573447856963917  4.1292016779621923 21.231875582651945  4.1301380781274437 21.314179164617617  4.1310722819841326 21.396500629274545  4.132004289649978 21.47884026452774  4.1329340988888976 21.561198135164215  4.1338617059430627 21.643574158888129  4.1347871063138566 21.725968182637054  4.1357102956026575 21.808380058402118  4.1366312702983361 21.890809719752124  4.1375500285992048 21.97325725754736  4.1384665712214215 22.055722996411149  4.139380902207205 22.138207570629461  4.1402952342204058 22.220692202706491  4.1412073527993254 22.303195499436484  4.1421172549393983 22.385717423217404  4.1430249376210329 22.468257936420496  4.1439303978530297 22.55081700146269  4.144833632602599 22.633394580701701  4.1457346388853065 22.715990636554725  4.1466334136717444 22.798605131392573  4.1475299539658952 22.881238027613719  4.1484242567521514 22.963889287604424  4.1493163190237983 23.046558873754719  4.1511004439641797 23.211898038996829  4.1528756076497091 23.377310483093417  4.1546417870548975 23.54279589261386  4.156398959662333 23.70835394572638  4.1581471034550379 23.873984312243589  4.1598861969318692 24.039686653574801  4.161616219083017 24.205460622746585  4.1633371494210518 24.371305864430703  4.1650489679495237 24.537222014874512  4.1667516551882358 24.703208701981797  4.1684451921572103 24.869265545250077  4.1718322663069616 25.201379251602361  4.1751827388778455 25.533773532919618  4.1784964583026598 25.866445368325852  4.1817732807727559 26.199391566678344  4.1850130702396049 26.532608766573343  4.1882156984140231 26.866093436339568  4.1913810447650661 27.199841874041741  4.1945089965228615 27.533850207484051  4.197599448675513 27.868114394198528  4.2006523039710411 28.202630221461192  4.2036674729168233 28.537393306277522  4.2096978102605895 29.206919462536479  4.2155774007412603 29.877434422410538  4.2213055253909459 30.548903005880824  4.22688158586885 31.221286880632821  4.2323051023602112 31.894544494238783  4.2375757113486143 32.568631005986056  4.2426931635705118 33.243498219200021  4.2476573217564066 33.919094513010059  4.2524681585772512 34.595364774623704  4.257125754428154 35.272250331225237  4.2616302953179739 35.949688882098002  4.2627564330872465 36.11904843312135  4.2638730019696194 36.28844265391583  4.2649800064863497 36.457870516015035  4.2660774511514763 36.627330990829428  4.2671653404904362 36.796823049999979  4.2682436790163445 36.966345664834869  4.2693124712502408 37.135897807021642  4.2703717217130075 37.305478447903496  4.2714214349193353 37.475086559072338  4.2724616153917889 37.644721111978207  4.2734922676472316 37.814381078133998  4.2745229241521328 37.984041223377439  4.2755440380357976 38.153723859757037  4.2765557223849306 38.323445490926176  4.2775576014375067 38.493141506595165  4.2785506283986923 38.662969591905046  4.2795331474791993 38.832646967632961  4.2805072217974551 39.002523406755984  4.2814711243862522 39.172299589006329  4.282425896445293 39.342153191943019  4.2833711124451375 39.512007463373877  4.2843069089302013 39.681883651069263  4.2861784985001954 40.021635272408453  4.2880123233775986 40.36145955703801  4.2898084639609575 40.701348797022206  4.2915670059277202 41.041295268539308  4.2932880402218574 41.381291232219233  4.2949716630798669 41.721328932607577  4.2966179759881182 42.061400598843328  4.2982270857380263 42.401498443963668  4.2997991043695043 42.741614665487695  4.3013341492168404 43.081741445015112  4.3028323428795119 43.421870948449715  4.305828729165154 44.102130088178896  4.3086777026164205 44.78239967995993  4.311380239367808 45.462618565445453  4.3139373778685162 46.142723357275365  4.3163502240011624 46.822651361045772  4.3186199463532553 47.502341212816155  4.3207477660620119 48.181732221125493  4.3227349451887775 48.860763404309793  4.3245827781371649 49.539373211577761  4.326292590067113 50.217500918812334  4.3278657467316428 50.895090687807965  4.3294389028338705 51.572680292933043  4.3308754000629337 52.249731048036033  4.3321765933735019 52.926184488616691  4.3333438607333132 53.601982761567044  4.3343785975982296 54.277068677875434  4.3352822112890248 54.951385764533676  4.3360561155076081 55.624878317574208  4.3367017246915225 56.297491453803481  4.3372204485234107 56.969171163767328  4.3376136863174013 57.639864363763451  4.3378828214860894 58.309518948452997 
 0 12 0.25 11 0.375 11 0.390625 11 0.40625 11 0.4375 11 0.5 11 0.625 11 0.65625 11 0.6875 11 0.75 11 0.875 11 1 12
8 0 1
7 0 0  7 29 5  3.6151308382295619 0  3.5620358885291057 3.0959415089582958  3.5076247268795968 6.1948054279708202  3.4522267692694331 9.3056616976877962  3.3961516513346726 12.437719753185359  3.3396948718676693 15.59834296932863  3.2831513635315748 18.790863762744017  3.2268222669605238 22.012333984420806  3.1857716685181767 24.360024934015716  3.1448226212957358 26.723796438941111  3.1040897103216216 29.102654897081024  3.063666004808288 31.495196930581653  3.0236266090888178 33.899232823420114  2.9840320153835567 36.311638612906229  2.944931258393221 38.728436835121101  2.9212516184399173 40.192063477025251  2.8977504082221435 41.657466733707757  2.8744362590473558 43.123907920651732  2.8513148536459383 44.590624983427382  2.8283891480578274 46.056849751744558  2.8056595935173307 47.52182519352445  2.7831243583396343 48.984822668951288  2.7624867061673344 50.324628079394436  2.7420121182114734 51.662769160996774  2.7216991167941025 52.998689128702914  2.7015447803245811 54.331843170390265  2.6815449114745511 55.661702148609479  2.6616942053513593 56.987756302283337  2.6419864176732357 58.309518948453004 
 0 8 0.38845701086965173 7 0.67155038233886166 7 0.84299337014714637 7 1 8
8 0 1
7 0 0  6 25 5  2.6680544689500247 1.7763568394002505e-15  2.619959097818251 2.8044188184330778  2.5729666518625178 5.6068244227597157  2.5273385847657517 8.4151870119590679  2.483340257583226 11.238050977225067  2.4412518501460063 14.082818771044074  2.4013484340032387 16.953369457314757  2.3662162155237376 19.480691055650855  2.3327727996096104 22.028348468777434  2.3012124353398198 24.598563353557196  2.2717077887388162 27.192597925998189  2.2444053110442201 29.809495207932304  2.2194093490587634 32.445139187911671  2.1926248687321266 35.269370007671341  2.1684820626976156 38.115839243240259  2.1471115296687859 40.979554196344985  2.1285556883341199 43.854936231460762  2.1127926848823688 46.734701009090315  2.0997546376162481 49.610362308385653  2.0931573122157658 51.06546285168217  2.0872568469310147 52.519700432753829  2.0820440525399095 53.972131717719328  2.0775068156408052 55.42183617808309  2.073631202468841 56.867919825822277  2.0704025627114535 58.30951894845299 
 0 7 0.30291659494909562 6 0.5696137724132202 6 0.85539374054649331 6 1 7
7 0 0  7 26 5  2.6680544689500243 0  2.6268298570275559 2.4037872900357851  2.5863930966545468 4.8061381759423236  2.5468934134667576 7.2116010891019116  2.5084822161857714 9.6249878407877638  2.4713149663700706 12.050840652232997  2.4355513703646299 14.49289773646135  2.3712351066363397 19.11964517189616  2.3423280504196153 21.300446074950134  2.3147383255152829 23.497043244148351  2.288567566866802 25.710291851887476  2.2639070919799766 27.940283225062281  2.2408344564347442 30.186015674411568  2.1964512264367753 34.865908135809676  2.1753799953486781 37.30256361057971  2.1562703494535849 39.752245430560258  2.1391590077839142 42.211863171702831  2.1240519823275741 44.67772481843847  2.1109301047278199 47.145510122749656  2.0940997888624797 50.857591276178077  2.0889426904938797 52.104204135132825  2.0842781094384657 53.349661080371902  2.0800995246457616 54.59343353476477  2.0763994939810404 55.835003081075193  2.0731699697326538 57.073862503575889  2.0704025627324434 58.309518939130626 
 0 8 0.30291659494909562 6 0.5696137724132202 6 0.85539374054649331 6 1 8
7 0 0  6 62 13  1.9680549748267382 58.30951894608588  1.9697711873415766 57.421585961354985  1.9717150101453791 56.53248465070633  1.9738900942110067 55.642392225245537  1.9763000121961884 54.751491615131634  1.9789481775170599 53.85997075966457  1.9833341270775866 52.506128773415462  1.9848952306633285 52.044120879958371  1.9865215165457586 51.582024969048426  1.9882134063964523 51.119868031573311  1.9899713011917299 50.657677297261635  1.9927523944602346 49.953063353835397  1.9937274692701406 49.710644728472033  1.9947208603014237 49.468228319311493  1.995732620274369 49.22581809727938  1.9967627999705002 48.983418043508188  1.9987292551165818 48.528889097848314  1.9996612093529704 48.31675689179685  2.000607343674627 48.104638207179676  2.0015676895394527 47.892535722177456  2.0025422771303654 47.680452117154722  2.0095700539109975 46.173335464109371  2.0161412343777969 44.879076546981018  2.0232511933423507 43.586239474556784  2.0309046345779436 42.295431586581586  2.0391039690105441 41.007235292889149  2.0544387007084772 38.753841058951267  2.0613384359316695 37.787266049459504  2.0685477901952241 36.822729113951901  2.0760657742918625 35.860448754567088  2.0838905218200057 34.900623097856013  2.098972884171296 33.124606855955733  2.1061489981448234 32.307706926728123  2.1135458142088628 31.492844106874902  2.1211611458284279 30.68011259950654  2.1289923715625165 29.869590409241439  2.1463599517173235 28.12453523330878  2.1559694313516022 27.190779316026795  2.1658601059371376 26.260173744300527  2.1760265598422914 25.332779046627124  2.1864627773908438 24.408621408395884  2.2084537398881294 22.515808426712834  2.220038471883663 21.547516830755928  2.2319086745170291 20.582819805767205  2.2440561316320071 19.621663150444927  2.2564722125298982 18.663950722865  2.28198987633388 16.742644352997839  2.2950983520288681 15.779134892690896  2.308464090648112 14.818888721980104  2.3220775939787024 13.861724713828783  2.3359292411001338 12.907425914448147  2.3643448563447467 10.986811562275365  2.3789172110120069 10.020590368816288  2.3937162386489272 9.0568269132385879  2.4087317812643332 8.0952290179883146  2.4239537512504818 7.1354798388903431  2.4559856525809178 5.144742522515771  2.4728272432964862 4.1139969208700728  2.4898844368157591 3.0845948749063958  2.507144927530367 2.0560965727229426  2.5245965962791508 1.0280494751461775  2.5422274985562119 4.4743551187188113e-08 
 0 7 0.088097936913008532 5 0.1337191972960384 5 0.15764700761288014 5 0.17858931002461598 5 0.30648313286436801 5 0.40286191822317807 5 0.4853086972825259 5 0.58086909912867579 5 0.68171808741754614 5 0.78388909984778776 5 0.88791314762203843 5 1 7
7 0 0  9 73 9  1.9680549748221563 58.309518948453004  1.9696783685029089 57.469608018251755  1.9714926921794815 56.628717197088029  1.9735004258204394 55.786966829932418  1.9757040144092155 54.944480150059732  1.9781058444554149 54.101383040104203  1.9807082205124003 53.257803793377619  1.9835133416876427 52.413872874864524  1.9865232781594486 51.569722682530255  1.9897399476893409 50.72548730838848  1.992956621329016 49.881251153412698  1.9963799979600279 49.036935308111971  2.0000121273275329 48.192648958871004  2.0038544955525346 47.348582049653814  2.0079090336886467 46.504800119061535  2.0121769439420931 45.661482909344862  2.0166593826176209 44.818763319368969  2.0213573380519847 43.976765903847372  2.0262714445469001 43.135628234918705  2.0311855526690379 42.29449023045246  2.0363158234220937 41.454210453435422  2.0416628985706482 40.614922003951015  2.0472273441669713 39.77673866668944  2.0530088636856925 38.939837481577555  2.059007986957389 38.104254366131585  2.0652235888709147 37.27019301278888  2.0716553534744917 36.437706297234044  2.0783020683042408 35.606918548295141  2.0849487875297816 34.776130195607436  2.0918104912233826 33.94703625141841  2.0988861349741326 33.119738676220209  2.1061743809556148 32.294331496900448  2.1136735972603042 31.470900093907655  2.121381863942954 30.649520415750217  2.1292969857755164 29.830258120644608  2.1374165117098394 29.01316764550139  2.1457377610522901 28.198291202093582  2.154059012408267 27.383414655138647  2.1625819753461588 26.570753003785914  2.1713039691226261 25.760348999553269  2.1802220684391931 24.952233797475952  2.1893331284275397 24.146426746823  2.1986338096333182 23.34293518187302  2.208120603002544 22.541754212620109  2.2177898548647446 21.742866515544574  2.2276377919191503 20.94624212433639  2.2325617580922352 20.547930136700145  2.2375303961462172 20.150184081771833  2.2425432327268688 19.753000268259928  2.2475997881485186 19.356374296571722  2.252699576393947 18.960301058853304  2.2578421051146904 18.564774738927859  2.2630268756304233 18.169788812369145  2.268253382929831 17.775336046433328  2.2735211156697432 17.381408500108073  2.2787888524268478 16.987480894759873  2.2840978240199794 16.594078609972787  2.2894475196610733 16.201193579161085  2.2948374265750129 15.808817135250997  2.3002670299996426 15.416940010669913  2.3057358131855841 15.02555233736186  2.3112432573965522 14.634643646770268  2.3167888419090104 14.244202869852844  2.3223720440124582 13.854218337071789  2.3447048477542682 12.294281038889512  2.3676395600161815 10.741640201668918  2.3911424388497546 9.1955615938131423  2.4151804267035644 7.6551268786866649  2.439718575950991 6.1193696522469789  2.4647253182211553 4.5871307572681594  2.4901667219072472 3.0572958767254343  2.5160113703348661 1.5286500358497443  2.5422274993221281 0 
 0 10 0.125 9 0.25 9 0.375 9 0.5 9 0.625 9 0.6875 9 0.75 9 1 10
7 0 0  8 57 8  1.6208569177534264 1.7763568394002505e-15  1.5928751084832313 1.6316067234225002  1.5652940972893028 3.2599250551000214  1.5381380220592373 4.8873057007176319  1.5114323255140762 6.5161023518738075  1.485204123649412 8.1486634136877161  1.4594824785060698 9.7873198234645287  1.4342985752716926 11.434368960423591  1.4096858037118518 13.09205464648371  1.397379418115108 13.920897866545779  1.3852158140634745 14.752399321023164  1.3731991651050519 15.586840871979604  1.3613337823246507 16.424499853369884  1.3496241143440504 17.265649071051435  1.3380747473216723 18.11055680276818  1.3266904049528647 18.959486798167717  1.3154759484697374 19.812698278787408  1.304261493124284 20.665909052992234  1.2932169126454507 21.523400193512494  1.2823470094221368 22.385433083204997  1.2716567240818872 23.252262740353792  1.2611511255593184 24.124137007896188  1.2508354011634033 25.001295742638071  1.2407148466460911 25.883970004480521  1.2307948562697135 26.772381245637661  1.2208748653275288 27.660792372453532  1.2111554370399125 28.554940261722653  1.2016419601704584 29.455045840719308  1.1923399195484576 30.361319996739276  1.1832548784364278 31.273962353348914  1.1743924608951075 32.19316004664951  1.1657583341514299 33.11908650152251  1.1573581909638084 34.051900207893219  1.153158119704945 34.518307078478955  1.1490165431939465 34.986435682688118  1.1449341742750201 35.4563059174735  1.1409117258709627 35.927936657336879  1.1369499109824528 36.401345754303918  1.1330494426889572 36.876550037955184  1.1292110341478476 37.353565315397589  1.1254353985950525 37.83240637128398  1.1216597625829841 38.311247450319904  1.1179468937249784 38.791914414666145  1.114297549425221 39.274418650933484  1.1107122517021037 39.758790075838554  1.1071921186308304 40.24500282540734  1.1037374242831395 40.733109130559285  1.1003491478557661 41.223092365674944  1.0970278741790267 41.714972497374532  1.0837427929504262 43.682491752581051  1.0715301659507537 45.680320617683869  1.0604347673765284 47.709021073025134  1.0505006906658505 49.768815387689386  1.0417705486291238 51.859544189612514  1.0342851792763217 53.980638117642357  1.0280838573433446 56.131103055626305  1.0232050115148561 58.30951894845299 
 0 9 0.25 8 0.375 8 0.5 8 0.625 8 0.6875 8 0.75 8 1 9
8 0 1
7 0 0  10 71 8  7.6978364409126723 0  7.7202218866995258 1.3052851343437186  7.7429320425870056 2.6085249845424636  7.7659526043948395 3.9108150869553771  7.7892701627244483 5.2132536622258838  7.8128721400624519 6.5169384923467542  7.8367467278658314 7.8229637976246744  7.8608828236713837 9.1324171137873371  7.8852699681791076 10.446376168926257  7.909898282358343 11.765905760593503  7.9347584045378694 13.092054632782414  7.9471884692464005 13.75512920034623  7.9596764799805761 14.41985778838937  7.9722212743167793 15.086371931417029  7.9848217175360867 15.754801654005577  7.9974767026314737 16.425275470835302  8.0101851502960706 17.097920386638183  8.0229460089383817 17.772861896264175  8.0357582546664634 18.450223984613274  8.048620891301109 19.130129126691784  8.0615329503671429 19.812698287575163  8.0744450035751925 20.495266986666991  8.0874064772891394 21.180498878618565  8.1004164341194027 21.86851608166209  8.1134739582057502 22.559438510597833  8.126578155634121 23.253383721348321  8.1397281548502498 23.950466755445071  8.1529231070777701 24.650799984599079  8.1661621867312473 25.354492955186849  8.179444591833823 26.061652232806445  8.1927695444315276 26.772381246785741  8.2060944972764176 27.483110198548101  8.2194619946318177 28.197408630355998  8.2328712585331729 28.915379679513517  8.2463215326651671 29.637123124122162  8.2598120839036167 30.362735112476813  8.2733422038640949 31.092307892303801  8.2869112104405698 31.825929540210247  8.3005184493560797 32.563683690903915  8.3141632957015954 33.305649266617266  8.3278451554842334 34.051900206382967  8.3346860854290163 34.42502570010933  8.3415362694920905 34.799222503741873  8.3483956331501616 35.174499898206363  8.355264104154136 35.550866824143633  8.3621416125311594 35.928331881771413  8.3690280905806809 36.306903331101957  8.3759234728801726 36.686589091668822  8.3828276962787953 37.067396742804334  8.3897406999027844 37.449333523411589  8.3966624251519306 37.832406332113806  8.4035841473945059 38.21547896087705  8.4105146149150922 38.599688708777521  8.417453684763764 38.985038577997166  8.4244014023670317 39.371538181961668  8.4313578875188284 39.759207885786289  8.4383222945758494 40.14800350671311  8.4452957088710008 40.537998080725949  8.4522771558225731 40.929142002060949  8.459267096407741 41.321468887559803  8.466265312710691 41.714972468289815  8.4942581931376395 43.288987656197506  8.5223840586255086 44.881862815484219  8.5506404752638598 46.493859118238454  8.5790257721409535 48.125125707501745  8.607539159673868 49.775689479463026  8.6361808962477475 51.445447037885323  8.6649525031503511 53.134158821759378  8.6938570278163123 54.84144540493493  8.7228993553697087 56.56678596901957  8.752086568471384 58.309518948452997 
 0 11 0.25 10 0.375 10 0.5 10 0.625 10 0.6875 10 0.75 10 1 11
8 0 1
7 0 0  9 46 6  4.8685341734464993 -8.8817841970012523e-16  4.8925823533868034 1.40223795288521  4.9162510596348739 2.806860770307098  4.9395219454101653 4.2152888853598798  4.9623755200026309 5.6289435901067995  4.9847910364640118 7.0492426298495934  5.0067464321002211 8.4775939255611927  5.0282183217270546 9.915387424429392  5.0491820437257813 11.363985078566706  5.0696117588711482 12.824708951839526  5.0900414718728291 14.285432329970236  5.1099371872713819 15.758285812943599  5.1292730831279298 17.244576105882153  5.1480218552367472 18.745607833112082  5.1661564313240733 20.262609830062249  5.1836468297328624 21.796750943101792  5.2004643483507049 23.349119963988592  5.2165787344019012 24.920691067398103  5.2319604425130262 26.512322320492984  5.2396512946871896 27.308137901769051  5.2471589681487067 28.108968379511651  5.2544797505040437 28.914920679235777  5.2616099338178692 29.726094045317442  5.2685458279689357 30.542579398449149  5.2752837740058798 31.364458693253532  5.2818201575032058 32.191804275698594  5.2881514219173642 33.024678240711346  5.2942740819423717 33.863131789633613  5.3003967424344962 34.701585019815987  5.3063108055848787 35.545619010543319  5.3120127622094673 36.395283020465676  5.3174991884221292 37.250616701671163  5.3227667519583841 38.111649592560596  5.3278122185098438 38.978400610763067  5.33263245804579 39.850877545999374  5.3372244511472493 40.729076553000908  5.3415852953313774 41.612981644379673  5.3503069866995796 43.380791864467895  5.3581040743974988 45.171426911761124  5.3649533682199788 46.984760313455148  5.3708334778418054 48.820475654702527  5.3757250162906791 50.678055612651676  5.3796105789194346 52.556776819895767  5.3824744978782135 54.455710557224435  5.3843023720823613 56.373729275762457  5.3850803726826859 58.309518948453004 
 0 10 0.25 9 0.5 9 0.625 9 0.75 9 1 10
7 0 0  7 20 4  4.8685341734465002 0  4.9045384447741425 2.0993917412043865  4.9396606011895603 4.2043278686128769  4.9738311608182242 6.3201889449186268  5.006972933259112 8.4523675411149739  5.0389999267204644 10.606196878491824  5.0698170381786003 12.786854091398343  5.1348847571454543 17.665698461062835  5.168541320968056 20.378219133676982  5.2001137553323886 23.145271297751947  5.2294089191431112 25.974649378477373  5.2562231853420558 28.873007894834128  5.2803570765761458 31.845083807670626  5.3233316688356407 38.003006428572931  5.3420549873836869 41.191953727866533  5.357604957371759 44.462315122202682  5.3698086698812197 47.814001225267305  5.3785248569556421 51.243862965978742  5.3836479645613702 54.745455629899944  5.3850803726796332 58.309518941026603 
 0 8 0.29111684177202757 6 0.64200017998332959 6 1 8
7 0 0  7 20 4  5.2730587470952335 58.309518941016712  5.2712140927562405 55.301802768300441  5.2665023878523582 52.337608313956537  5.2590355084041489 49.422807487095028  5.2489182795187954 46.561514500656699  5.2362658696067754 43.755907429840477  5.2212021674806852 41.006385837822599  5.1826593694965535 35.019056012309363  5.1580556886969378 31.808556697898162  5.1302825035342376 28.67846173741767  5.0995914771636039 25.623717629161341  5.0662368353321838 22.636659863734494  5.0304565214223675 19.708036384678977  4.9598095234413826 14.351218038155041  4.9255198720264985 11.91051750382081  4.8897374219426357 9.4989219424861471  4.8525904558456245 7.109408743588995  4.8141937536068404 4.7346874523864777  4.7746496409180388 2.3673485924871382  4.7340499475029736 0 
 0 8 0.30557376653143131 6 0.67898839160683155 6 1 8
8 0 1
7 0 0  7 22 4  5.2730587470998707 58.309518948453004  5.271214093435943 55.301802631922428  5.2665023863310969 52.337608582616575  5.2590355096680694 49.422807314330576  5.2489182795714733 46.561514402258304  5.2362658687788386 43.75590764832257  5.221202167971728 41.006385724520172  5.2038562627520353 38.31183177936753  5.1826593659293074 35.019056291785866  5.1580556948627834 31.808556231358146  5.1302825024229142 28.678461773664726  5.0995914700072804 25.623718257389573  5.0662368434038747 22.636659185884888  5.0304565179763339 19.708036669120222  4.9924674291439777 16.827508233441151  4.9598095281619692 14.351217867758084  4.9255198541516156 11.910518151509228  4.8897374534749618 9.4989207948035581  4.8525904249049781 7.1094098765615845  4.814193770422218 4.7346868309733221  4.7746496367308691 2.3673487497238321  4.7340499475029736 0 
 0 8 0.30557376653143131 7 0.67898839160683155 7 1 8
Curves 78
7 0 0  7 26 5  54.112517553096794 -25.919788654774464 14.369940536375889  54.300099112768002 -25.52817626108444 14.220622149196601  54.484410757231579 -25.134903812456322 14.071346319411731  54.665427106172388 -24.740018345170064 13.922105104292578  54.843123683780902 -24.343567998825574 13.772890367428896  55.017476960240472 -23.945602040925262 13.623693778705437  55.18846439714968 -23.546170894098516 13.474506814156131  56.057121583554625 -21.468626473612328 12.701288054807291  56.698936444479337 -19.767133495108936 12.077248879650861  57.279938161379441 -18.044596168415911 11.452555774435339  57.798906644575951 -16.305039727736965 10.826470878377819  58.25500637381257 -14.552784701416764 10.198161403145818  58.647851830476135 -12.792480008098305 9.5666926678926725  59.274514508054708 -9.4414454204572156 8.3586569327395512  59.520274914850724 -7.8512816922023365 7.7828837439846792  59.715006781967659 -6.2623115369427325 7.2029296260108522  59.859189988426877 -4.6784190579845211 6.6179491463799538  59.953723262069794 -3.1037464252128109 6.0270108232664423  60 -1.5427091355121314 5.429092964709648  60 1.5478118682743303 4.2150735056788191  59.953416589370093 3.0771149113301175 3.5989417172911886  59.862254690732875 4.5832289315526724 2.9735486649745857  59.729102528048557 6.06107336935949 2.3377108493676841  59.557248853414912 7.5051978235949948 1.6902099822039691  59.350805490926916 8.9098680284709832 1.0298217924420108  59.114644809242037 10.269312021432329 0.35541603444126518 
 0 8 0.070169229084609985 6 0.36368119680227823 6 0.62795979331578577 6 0.89311252936845809 8
7 0 0  7 8 2  58.987339743264542 10.976964517237143 0  59.255110580888505 9.5380339802256113 0.73181662466545161  59.490702152349989 8.0443446217352985 1.4469539704986352  59.687782349924419 6.5030694542295064 2.1467761373239718  59.841011541467616 4.9214088574122261 2.8328046259755153  59.946173740544339 3.3062013306933338 3.5065589828938917  60 1.6637943090486376 4.1695132458283304  60 -1.0012416053984496e-14 4.8230854637602203 
 0 8 1 8
2 0 0 0 0 0 1 1 0 -0 -0 1 0 60
7 0 0  8 37 6  -19.98733974326451 56.573016977949109 0  -18.367919711635434 57.145160731277578 0.85875924236221146  -16.790288269751244 57.642948818854492 1.7402698874517473  -15.269354936397631 58.068906694915576 2.646227275325872  -13.820817459162399 58.427128539656849 3.5779615785753425  -12.460296479386017 58.723434686702028 4.5362073174327335  -11.201753029835164 58.965249101389396 5.5207108279496691  -10.055434125655703 59.160543740218557 6.5297506940046244  -8.3216481066574914 59.424401955187655 8.2669854162978886  -7.6715364482683785 59.513525992178515 8.984109186000051  -7.0787926515181159 59.586876019740878 9.710350041375202  -6.5440639990818674 59.646921441989505 10.444634466894266  -6.0668437622844591 59.695916832982888 11.185849916876176  -5.645711526456842 59.735803626259361 11.932873929216823  -5.2786132046027063 59.76818962839782 12.684607654559183  -4.7842610201735853 59.809222048544186 13.868088100001062  -4.62199098132721 59.822075473303684 14.297382279530337  -4.4758123243447914 59.833177897009449 14.727715975042878  -4.3452290958574435 59.842735118185765 15.158933567675051  -4.2297195243003332 59.850922868186757 15.590892540657331  -4.1287486995503597 59.857889205405364 16.023464115604732  -4.0417786809788456 59.863757411887406 16.456533758336157  -3.7687513544872107 59.881854498914748 18.066660170996634  -3.6685081142256664 59.887735343475015 19.245991368561022  -3.6567349269496998 59.888320505362515 20.426343506092799  -3.723151855653601 59.884454567849829 21.606413508155882  -3.8586883179001479 59.876290342519241 22.785245432826557  -4.0555803968145394 59.863603641492503 23.962232024427724  -4.3072276080277057 59.84595960825439 25.137117745266934  -4.7268121509955003 59.813639007690547 26.772507392993049  -4.853128719565114 59.803638286705898 27.234669430992017  -4.9867566100109473 59.792742425322302 27.696478037096679  -5.1273769219128216 59.780913615993796 28.157925079160975  -5.2746926110562526 59.768111802303785 28.61900423346718  -5.428426977446688 59.754295208114328 29.079711067626587  -5.5883221533237366 59.739420866715157 29.540043123480302  -5.7541375911754074 59.72344514997291 30.000000000000004 
 0 9 0.28192531360953316 7 0.47538979072163279 7 0.58502741071484066 7 0.88264133154530544 7 1 9
7 0 0  8 30 5  44.852685865243579 39.852685865243537 30.000000000000004  43.867970809606263 40.960945296633341 29.301198022066789  42.8454735467242 42.048697846317211 28.605977238099801  41.785438316685251 43.114215405065366 27.914367188448178  40.688230489607911 44.155720279763955 27.226376435834588  39.554349726921608 45.171395280067159 26.541991469667209  38.384443413289901 46.159396637887362 25.861176263456983  37.179320359176984 47.117869759723497 25.183872485340107  33.170722150345895 50.116495525963941 23.004286077521204  30.229714872476265 52.032017569340113 21.515240641310189  27.12866032389006 53.770074904763568 20.042492962253057  23.883063339542815 55.310336038773798 18.584603815183318  20.512400713719018 56.634407269449852 17.139125080709217  17.040178122051302 57.726755085358889 15.702730038524123  13.494270720070119 58.575874018069669 14.271261050210562  8.1426796193554747 59.471818979443483 12.136000451141774  6.3681333311561215 59.707097352018124 11.431997394433292  4.5872592664745682 59.88161945116159 10.727401587535798  2.8040072472909454 59.995109021565767 10.021550731605902  1.0224888185475836 60.047685089758929 9.3137127539848752  -0.75302989023744227 60.039903450463441 8.6030895933821938  -2.5181393272055694 59.972807360398086 7.8888229207361587  -6.3649333441744673 59.698457659414629 6.3088799170794552  -8.4401385725342646 59.466085859954269 5.4412121158059321  -10.486158115860327 59.15359839220109 4.565415824296692  -12.495004489261186 58.764842013787664 3.6797881477609686  -14.45852810690371 58.304898079738379 2.7825219514483908  -16.368522511603512 57.780240983568532 1.8717326814926876  -18.216907829843713 57.198820214204176 0.94552201893537191  -19.996031558549262 56.569945394259499 0.0021044664625935981 
 0 9 0.17698778092758424 7 0.57245306361584503 7 0.76697259317107336 7 1 9
8 0 1.869685906847135
2 0 0 30 0 0 -1 0.74754476442070938 0.66421143108741076 0 0.66421143108741076 -0.74754476442070938 0 60
7 0 0  8 30 5  59.999999999999993 -7.1054273576010019e-15 4.8230854637602363  59.999999999999993 -1.3470380427568982 5.3522293828463985  59.965437947752754 -2.7077646478611621 5.8753315354052411  59.89508423791159 -4.0792651877339798 6.3930813556555171  59.788000015192601 -5.4587625326094305 6.9061244525109275  59.643503137380478 -6.8436155918273185 7.4150619376949001  59.461138060148862 -8.2313150602616805 7.920451228856713  59.240649643695704 -9.6194763698849926 8.4228083276889549  58.693028480875078 -12.55426370112516 9.4808474622701038  58.356440393029317 -14.100448330655871 10.035899456058061  57.972091919111769 -15.641207985812567 10.588428826747089  57.540156116333812 -17.173557545939495 11.139040379145413  57.06104667545457 -18.694684478384211 11.688286042723357  56.535388892610051 -20.201934399142207 12.23666784040643  55.963998735178158 -21.692800234734776 12.784640233970784  53.805461265356897 -26.850188092585029 14.704396922377221  51.982364225064842 -30.418698357181487 16.076455530761365  49.89441368158554 -33.832157358325119 17.454799863875628  47.563866856425129 -37.060320054727988 18.844526167431241  45.016557076329249 -40.079239506093032 20.249694941773761  42.280955385459109 -42.870492070680697 21.673384245319859  39.387258125206813 -45.420997785453324 23.117502523111849  35.003413862915551 -48.761647687659703 25.243781656520117  33.614130453843075 -49.749991431681437 25.909352343332191  32.201437985385134 -50.687239382319625 26.579441773502381  30.768016761572849 -51.572964812589554 27.25414285222082  29.316494551489146 -52.406952811633346 27.933522777810165  27.849430439971847 -53.189179228873058 28.617621755440663  26.369301636770558 -53.91979123459862 29.3064524245546  24.878493244157568 -54.59908949699075 30.000000000000004 
 0 9 0.16194943817740401 7 0.34283259463953542 7 0.79565315893461208 7 1 9
7 0 0  5 54 14  65.13878188659973 7.1054273576010019e-15 0  65.138781884779576 -1.3840360955055289 0.63742492049437161  65.076176275793671 -2.7680683409577753 1.2748480992259394  64.950965167386755 -4.146471881709445 1.9127419754840993  64.763758270522885 -5.5136182321772935 2.5515779826609712  64.286603735157996 -8.1118911339165791 3.7833879477613066  64.005536082372856 -9.3454659336081569 4.3761622129420363  63.673516516255638 -10.560421218046653 4.9704530259452113  63.291934665531848 -11.752544738625911 5.5665780494953054  62.439111888853517 -14.067196776187128 6.7548372667976082  61.969169073916078 -15.190457045995835 7.346915585798981  61.454476399692098 -16.283798744964479 7.9412907873226954  60.897132046149963 -17.343620158047788 8.5381743951431854  59.712225971741283 -19.372117861091326 9.7269437656204474  59.086032140189943 -20.342050783097672 10.318741600366598  58.423256085182757 -21.27334648500387 10.913232469932554  57.726464832268817 -22.163238810725773 11.510496998103852  56.292816066730992 -23.829408363316361 12.69206236463922  55.55785452700546 -24.608348613384766 13.276197636784076  54.796025188258731 -25.344058414797885 13.862945151006203  54.009964192462505 -26.03479557274861 14.452258117305531  52.535626412950052 -27.21124188221042 15.532536935640175  51.854215440165397 -27.711698208425481 16.022723974880314  51.159605487160462 -28.179865376773094 16.514520423550699  50.453294983779969 -28.615207279951328 17.007842839020785  48.880800825566872 -29.497791495563852 18.093564013477121  48.01024090950424 -29.930876965174456 18.686570696368722  47.127553409759301 -30.316053250834052 19.281416894722124  46.235112946904607 -30.653149427037452 19.877888458156196  44.172978406094074 -31.315731211563008 21.247713668003609  42.998228235753501 -31.609242021600299 22.021992930801506  41.815586683799303 -31.823207806913018 22.798041834446259  40.629166067003077 -31.958926390330806 23.57529658498769  39.335375432794592 -32.023583816338807 24.423308464511372  39.228354619937207 -32.028310727659978 24.493458101022078  39.121333379776594 -32.032417660281439 24.563612340939724  39.014314166132763 -32.035905997155524 24.63377075994666  38.793175343773775 -32.041839052422326 24.778756158153371  38.67905634365313 -32.044199045282127 24.853583652863687  38.56494530492197 -32.0458588533008 24.928414903487592  38.450845086160591 -32.046820236732735 25.003249396041177  38.10862582140372 -32.047614423457233 25.227734467428633  37.880547609718988 -32.04535834121954 25.377393228400365  37.65254622026999 -32.040331170050365 25.527058792934298  37.424643054515741 -32.032547906636026 25.676727069776511  36.762559583184512 -32.001959249944726 26.111752217399488  36.328691987361694 -31.971931873596827 26.397105506262807  35.895397288608258 -31.932050302301501 26.682425585473403  35.462804470920389 -31.882428461330399 26.967684559260665  34.197555386436647 -31.708827186610463 27.803332597437123  33.367130199906043 -31.558618829061313 28.353480009721395  32.54059262431921 -31.373417449329718 28.903099544805443  31.718609217044001 -31.154138442246545 29.452000260433064  30.901699437494763 -30.901699437494738 30.000000000000004 
 0 6 0.11256585388635562 4 0.21658458421579346 4 0.3191792596636242 4 0.42001208276978896 4 0.51773341375243676 4 0.59840453975904151 4 0.69476861474227247 4 0.81919939051519197 4 0.83042000410849781 4 0.84238603140228818 4 0.86631383414893337 4 0.91193510986781445 4 1 6
2 -24.999999999999989 -43.301270189221938 0 0 0 1 -0.49999999999999983 -0.86602540378443882 0 0.86602540378443882 -0.49999999999999983 0 100
7 0 0  7 32 6  31.669949093414544 -20.700293978811633 30.000000000000004  32.591457281429918 -20.952665164522461 29.366146437118498  33.515544078668093 -21.160455506033433 28.730654731604137  34.441334149602504 -21.322614982775015 28.093776224968838  35.367792558947471 -21.438122851943028 27.455769490988452  36.293712128051148 -21.506019058364494 26.816898841971739  37.21770577281508 -21.525443201536252 26.177433808145022  39.966732266172428 -21.436559888852436 24.266746691891637  41.781861537943854 -21.183336852418432 22.994310285074921  43.570760075789437 -20.730278539809568 21.722856757061123  45.318303685643855 -20.074238057529637 20.45462426265221  47.007147706217538 -19.215558157102425 19.191524921239196  48.618293363029274 -18.15924178520169 17.935158529145891  50.729760546311745 -16.425458311934946 16.19482312967369  51.31187206821437 -15.9060093996072 15.703897300736168  51.877794568493108 -15.358067096700879 15.214306139832388  52.42638090228148 -14.782371606104055 14.726109929633752  52.956506011549763 -14.179775393111536 14.239353502826106  53.467078069486512 -13.551240758274293 13.754068052651888  54.625544934515396 -12.006363061081698 12.610204501183782  55.255703082472031 -11.06858310637919 11.952900579580348  55.844859496234662 -10.087214644101806 11.298413672268035  56.390532982033605 -9.0653086833554664 10.646728625351113  56.890466988475318 -8.0062116657173483 9.9977737707943071  57.342665640277801 -6.913523972332972 9.3514321034660384  58.535882091866398 -3.5880904666442106 7.4438697131574649  59.135935891095983 -1.2703325819465938 6.1896230824387493  59.532674652288186 1.1334343826746647 4.9436712926139839  59.717674817732792 3.5917678289826043 3.7040975777164027  59.68745969217585 6.0720853270308552 2.4685779557215444  59.443520147724115 8.5418320547997624 1.2346523912804779  58.99206311709856 10.969655114602915 0 
 0 8 0.14417572498434139 6 0.43057439126659447 6 0.54350974785131789 6 0.6975937050480695 6 1 8
7 0 0  7 32 6  63.996031558549312 -88.905067912982858 0  61.944670711356757 -90.381687374579784 0.69220829431243103  59.852413822926771 -91.806199541960936 1.3832430157231139  57.722181717846446 -93.176159187466169 2.0738320245813591  55.557065961051983 -94.489365362781129 2.7647043944871328  53.360320335349037 -95.743864550757834 3.456586541078456  51.135352318933023 -96.937953817235083 4.1501983508188163  46.785408862751488 -99.127256116976682 5.4960960652462605  44.663596264475068 -100.13041101643262 6.1480701129311637  42.523163875041462 -101.07846970224863 6.8027494065011895  40.367103660550811 -101.97044924076181 7.4607063247726249  38.198502318268844 -102.80556141171961 8.1225039652555058  36.020531148653703 -103.58321139637462 8.7886924376929763  31.845691759303097 -104.95906123548289 10.071506387596886  29.849859797685166 -105.56705292709947 10.687298602365511  27.851394757084215 -106.12666575816145 11.307585839159385  25.852803042152338 -106.63772718385862 11.932760590605815  23.856631784890624 -107.10019270413265 12.563200162470507  21.865457881901282 -107.514140670972 13.199263031421461  17.171091772723901 -108.37943653056173 14.718680363076656  14.474494581061434 -108.7888573861062 15.607202869205862  11.798700712186358 -109.10852984308492 16.5077118341529  9.1504035184244223 -109.33935045534895 17.420982345415101  6.5363047966676646 -109.48257742871579 18.347682824664123  3.9630407184545402 -109.53975565104209 19.288351888322072  -2.0299412854562462 -109.47533026234413 21.554217476356953  -5.4077453221547263 -109.27918032738555 22.892072754760584  -8.6795856127142645 -108.92860027634177 24.257957763278945  -11.82915504707926 -108.42863195418826 25.652320401939825  -14.840893378005092 -107.7843598250555 27.074923789637019  -17.700234380046268 -107.00011935955315 28.524743675971948  -20.393276093971579 -106.07839763008471 30.000000000000004 
 0 8 0.18038283812630812 6 0.34879177512645432 6 0.50229200072121349 6 0.71206724065040139 6 1 8
2 -68.301270189221924 -18.301270189221949 30.000000000000004 0 0 1 -0.49999999999999983 -0.86602540378443882 0 0.86602540378443882 -0.49999999999999983 0 100
2 -24.999999999999989 -43.301270189221938 0 0 0 1 -0.49999999999999983 -0.86602540378443882 0 0.86602540378443882 -0.49999999999999983 0 100
2 50 -50 30.000000000000004 0 0 -1 1 0 0 0 -1 0 90
2 50 -50 30.000000000000004 0 0 -1 1 0 0 0 -1 0 90
8 0 3.3670061957887185
2 50 -50 30.000000000000004 -0 0 1 -0.78214751215524725 -0.62309330700093168 0 0.62309330700093168 -0.78214751215524725 0 90
2 0 0 30 0 0 1 1 0 -0 -0 1 0 60
2 18.301270189221949 68.301270189221924 30.000000000000004 0 0 -1 -0.49999999999999983 0.86602540378443882 0 0.86602540378443882 0.49999999999999983 0 90
2 18.301270189221949 68.301270189221924 30.000000000000004 0 0 -1 -0.49999999999999983 0.86602540378443882 0 0.86602540378443882 0.49999999999999983 0 90
8 0 3.3670061957886972
2 18.301270189221949 68.301270189221924 30.000000000000004 -0 -0 1 0.93068838886848737 -0.36581296153277476 0 0.36581296153277476 0.93068838886848737 0 90
2 50 -50 30.000000000000004 0 0 1 1 0 0 0 1 0 100
2 -68.301270189221924 -18.301270189221949 30.000000000000004 -0 0 -1 -0.49999999999999983 -0.86602540378443882 0 -0.86602540378443882 0.49999999999999983 0 90
2 -68.301270189221924 -18.301270189221949 30.000000000000004 -0 0 -1 -0.49999999999999983 -0.86602540378443882 0 -0.86602540378443882 0.49999999999999983 0 90
8 0 3.367006195788683
2 -68.301270189221924 -18.301270189221949 30.000000000000004 0 0 1 -0.14854087671327301 0.988906268533703 0 -0.988906268533703 -0.14854087671327301 0 90
2 18.301270189221949 68.301270189221924 30.000000000000004 0 0 1 -0.49999999999999983 0.86602540378443882 0 -0.86602540378443882 -0.49999999999999983 0 100
2 0 0 30 0 0 1 1 0 -0 -0 1 0 40
8 0 3.4125111740460783
2 50 -50 30.000000000000004 0 0 -1 0.60513776640948447 0.79612077203458287 0 0.79612077203458287 -0.60513776640948447 0 100
8 0 3.4125111740459944
2 18.301270189221949 68.301270189221924 30.000000000000004 0 0 -1 -0.99202969626716631 0.12600429248273137 0 0.12600429248273137 0.99202969626716631 0 100
8 0 3.412511174046005
2 -68.301270189221924 -18.301270189221949 30.000000000000004 0 -0 -1 0.38689192985764209 -0.92212506451729714 0 -0.92212506451729714 -0.38689192985764209 0 100
7 0 0  7 20 4  51.94933459514877 89.978886938193199 0  55.517917563503062 87.918564600788329 1.1898067723839127  58.99228840388335 85.695094404923921 2.3796088387565382  62.355903713147271 83.31802990538165 3.572951641997653  65.593505412408746 80.799084914724915 4.7733886147684199  68.691236771512564 78.152033941562806 5.9844186141109095  71.636761333784563 75.392589418921432 7.2094182233036523  77.798721098680204 69.071164611491383 9.9600367431247196  80.937678437634503 65.464076226125684 11.493744333144988  83.817128176635009 61.747513738178839 13.058328854943781  86.421253567189467 57.955655119285183 14.658890582802421  88.73769310076031 54.125254522562834 16.299668133469446  90.757417717670094 50.293499011756829 17.98345491172503  93.849159174528467 43.448308192713583 21.097611458981323  95.029520742232236 40.422962436932089 22.512228654729508  96.010026755511348 37.437637306307636 23.955701553932307  96.787320936850946 34.509733596275368 25.427824705136572  97.357897326775756 31.655265644896105 26.927477305442601  97.717217524026097 28.888299988797574 28.452542795624662  97.857818780841811 26.220923515397679 30.000000000000004 
 0 8 0.31358344980768055 6 0.69442627893738318 6 1 8
2 50 0 0 0 0 -1 1 0 0 0 -1 0 90
7 0 0  6 47 10  17.07683346205112 33.761954998164178 30.000000000000004  17.009524425951135 35.449991889791207 28.971304119442674  16.841148685653557 37.106894908401195 27.937408922055422  16.567711537058813 38.729077167333017 26.899269445115202  16.185410907110139 40.31181329057236 25.857924779060706  15.691084624796325 41.849135146099513 24.81446223284112  14.742648022650746 44.164849221625921 23.185494150658091  14.366691988543254 44.979321373130524 22.600674850885088  13.954793561513831 45.776084584175187 22.015746512980694  13.506782881752187 46.553776355426237 21.430910255168211  13.022667248472892 47.310940716357401 20.846366208316461  12.160034077976198 48.530423435253347 19.877464672903645  11.80181724704237 49.005224816473664 19.492829110407882  11.428086028122053 49.470010746808804 19.10846254712909  11.03894470568711 49.924331001042077 18.724419762763972  10.634541597720714 50.367726867357931 18.34075362733595  9.7298498678296639 51.299463338713593 17.514200984298792  9.2244667725560543 51.783954921006746 17.071458044935852  8.6992285243974763 52.25249146292132 16.629366049454973  8.1545225154781704 52.704350412315222 16.187997648164707  7.5908236592129326 53.138814294330736 15.747418880453674  6.3891500109741415 53.998314251750834 14.839690405845296  5.7487277198520808 54.42095010158706 14.372651777138666  5.0881159084808445 54.822240211242814 13.906646672594769  4.4081088752036655 55.201361978829091 13.441734002652247  3.7096105196484275 55.557531374926704 12.977960200307182  2.1949835053245255 56.260893104565923 11.999345748421762  1.3745811394850282 56.602302083137751 11.484789259788812  0.53383095102327793 56.913226961253834 10.971741213719094  -0.32570980990668846 57.192740148311678 10.460224522546538  -1.202345775946652 57.440021760494943 9.9502391466653091  -2.9994258751115868 57.871920955533376 8.9257360810204105  -3.920331909662206 58.055553681681545 8.4112611952091729  -4.8550765089337764 58.20455126840465 7.8983212593728505  -5.8016452193942349 58.318326593001217 7.3868674782229382  -6.7579317160412762 58.396442107464644 6.8768278475782054  -8.6980964721606497 58.481347580680527 5.8527962018786504  -9.6821748311558427 58.487199035655159 5.3388371852582921  -10.671736791718693 58.455887100331303 4.8261412003050106  -11.664461901931491 58.387292964275559 4.314589849270849  -12.657994006403561 58.281470637124066 3.8040463338096573  -14.722134495920718 57.984283437185276 2.7434711691574463  -15.792483356718279 57.786694212924907 2.1935825094363692  -16.858024660962474 57.546171681762054 1.6445066304086497  -17.915763943266125 57.263244254920913 1.0960337433587723  -18.962734606537282 56.938674286477841 0.54794089790967304  -19.996031558549301 56.573452838363799 0 
 0 7 0.20356087586667743 5 0.31747937574581253 5 0.39254317647414561 5 0.47937381622653891 5 0.57178676500018444 5 0.67487046976712284 5 0.77948624405435063 5 0.88545947710720441 5 1 7
2 -24.999999999999989 -43.301270189221938 0 0 0 1 -0.49999999999999983 -0.86602540378443882 0 0.86602540378443882 -0.49999999999999983 0 100
2 50 0 0 0 0 -1 1 0 0 0 -1 0 90
8 0 2.82930226746622
2 50 0 0 -0 0 1 0.15551146176163463 -0.98783408792203553 0 0.98783408792203553 0.15551146176163463 0 90
2 50 0 0 0 0 1 1 0 0 0 1 0 100
2 -24.999999999999989 43.301270189221938 0 0 0 -1 -0.49999999999999983 0.86602540378443882 0 0.86602540378443882 0.49999999999999983 0 90
2 -24.999999999999989 43.301270189221938 0 0 0 -1 -0.49999999999999983 0.86602540378443882 0 0.86602540378443882 0.49999999999999983 0 90
8 0 2.8293022674661579
2 -24.999999999999989 43.301270189221938 0 0 -0 1 0.77773368398388631 0.62859392042625795 0 -0.62859392042625795 0.77773368398388631 0 90
2 50 0 0 0 0 1 1 0 0 0 1 0 100
2 50 0 0 0 0 1 1 0 0 0 1 0 100
2 -24.999999999999989 43.301270189221938 0 0 0 1 -0.49999999999999983 0.86602540378443882 0 -0.86602540378443882 -0.49999999999999983 0 100
2 -24.999999999999989 -43.301270189221938 0 -0 0 -1 -0.49999999999999983 -0.86602540378443882 0 -0.86602540378443882 0.49999999999999983 0 90
2 -24.999999999999989 -43.301270189221938 0 -0 0 -1 -0.49999999999999983 -0.86602540378443882 0 -0.86602540378443882 0.49999999999999983 0 90
8 0 2.8293022674661668
2 -24.999999999999989 -43.301270189221938 0 0 0 1 -0.93324514574554496 0.35924016749575277 0 -0.35924016749575277 -0.93324514574554496 0 90
2 -24.999999999999989 43.301270189221938 0 0 0 1 -0.49999999999999983 0.86602540378443882 0 -0.86602540378443882 -0.49999999999999983 0 100
2 -24.999999999999989 43.301270189221938 0 0 0 1 -0.49999999999999983 0.86602540378443882 0 -0.86602540378443882 -0.49999999999999983 0 100
2 0 0 0 0 0 1 1 0 -0 -0 1 0 40
8 0 2.9900598962510618
2 50 0 0 0 0 -1 0.075693909432998072 0.99713110074590949 0 0.99713110074590949 -0.075693909432998072 0 100
8 0 2.9900598962510627
2 -24.999999999999989 43.301270189221938 0 -0 0 -1 -0.90138781886599595 -0.43301270189222213 0 -0.43301270189222213 0.90138781886599595 0 100
8 0 2.9900598962510561
2 -24.999999999999989 -43.301270189221938 0 0 -0 -1 0.82569390943299814 -0.56411839885369097 0 -0.56411839885369097 -0.82569390943299814 0 100
7 0 0  7 20 4  106.07839763008471 20.393276093971593 30.000000000000004  105.97756573040439 23.52976232168584 28.166304554362554  105.61680025169353 26.819481518597968 26.364749966406691  105.0017198090252 30.247447222390022 24.600100712137035  104.13379289321068 33.794703683487377 22.875672383876889  103.01294078972607 37.43783806361391 21.193085357971601  101.63949524046214 41.149912080780183 19.552385500989843  98.481828220908625 48.446113940919744 16.441119430973373  96.724627339524275 52.025901029747267 14.966169563804279  94.745809567950886 55.617218109450718 13.526481107314311  92.548472739218155 59.194529925053118 12.119914855722509  90.137867171639783 62.732303036711116 10.743470670131138  87.521549478835766 66.206194577637092 9.3936185000320602  82.182112889028545 72.637619366076223 6.873875691488978  79.496709630175957 75.611794826210371 5.6996149420734588  76.660202897693992 78.499686510721048 4.5408993684106091  73.681193073618886 81.285981982068705 3.3947116120484955  70.569713100383879 83.956854578206645 2.2579342731000556  67.337121456035462 86.500070092962602 1.1274126354944105  63.996031558549276 88.905067912982858 0 
 0 8 0.35799983016596099 6 0.69613873541929716 6 1 8
7 0 0  8 30 5  -56.939781300963716 18.917222454642381 30.000000000000004  -57.407204594711963 17.510304485277668 29.301198022067339  -57.837977304329208 16.08091960547652 28.605977238098568  -58.230724963363706 14.630143387984594 27.914367188448328  -58.584090729478937 13.159181099157159 27.226376435835856  -58.896750700387408 11.669374053654456 26.541991469667174  -59.167431818417761 10.162204787089314 25.861176263455619  -59.394932363715448 8.6393010466270344 25.183872485340778  -59.987519349305451 3.6684402811047221 23.004286077526448  -60.175906461452584 0.16369224400170879 21.515240641276918  -60.130580992846504 -3.3909284411472527 20.042492962330577  -59.841687771219654 -6.971828447271335 18.584603815090066  -59.303035780469813 -10.552943523958064 17.139125080770047  -58.512925442989165 -14.10615040399815 15.702730038505365  -57.475330308561141 -17.601555759907203 14.271261050211557  -55.575445855145695 -22.684142084481081 12.136000451142186  -54.89192975865587 -24.338583436541967 11.431997394432965  -54.152633297695296 -25.968126667068958 10.727401587535496  -53.359292139138674 -27.569213002233159 10.021550731606032  -52.514065135453428 -29.138341252931173 9.3137127539851345  -51.619566683747486 -30.672094739986164 8.6030895933821867  -50.678905046772115 -32.167176307828001 7.8888229207360112  -48.517914227715906 -35.361422799156486 6.3088799170797234  -47.279071732078648 -37.042417345254627 5.4412121158047322  -45.985439874979576 -38.658078512534459 4.5654158242979355  -44.644343788688545 -40.203412314994488 3.6797881477609322  -43.264258848662521 -41.673901681781018 2.7825219514469031  -41.854895272756096 -43.065676809249574 1.8717326814934705  -40.427177457077285 -44.375715066146881 0.94552201893501353  -38.992994022852251 -45.602044001709061 0.0021044664623538867 
 0 9 0.17698778092833886 7 0.57245306361651471 7 0.76697259317144906 7 1 9
7 0 0  8 37 6  -39 -45.596052460711988 0  -40.305201040813479 -44.479665450588122 0.85875924236215317  -41.525113891299441 -43.362290587897689 1.7402698874516678  -42.654470899586464 -42.25810262177049 2.6462272753284966  -43.688968855936572 -41.182743290546512 3.5779615785681873  -44.625837996473031 -40.152650633170722 4.5362073174412512  -45.464527147359505 -39.183627241457799 5.5207108279444821  -46.206816717902768 -38.288533269006962 6.5297506940060384  -47.302217644560798 -36.918959639314679 8.2669854162968832  -47.704457153879183 -36.400508446345889 8.9841091860036801  -48.064352039489457 -35.923852274209437 9.7103500413711448  -48.383717226756396 -35.490786388191296 10.444634466894037  -48.664758598424903 -35.101999235419299 11.185849916880144  -48.909867692590176 -34.757231417481051 11.93287392921358  -49.121463954097024 -34.455507946136493 12.684607654560184  -49.40417516453676 -34.047902606078225 13.868088100000648  -49.496441576327506 -33.91379934254369 14.297382279530432  -49.579145885791391 -33.792756123958689 14.727715975043246  -49.652714296363207 -33.684446341368727 15.158933567675181  -49.717559881642501 -33.588505993020547 15.590892540657089  -49.774078319020248 -33.504545862355258 16.023464115604479  -49.822645344194058 -33.432161720145722 16.456533758336342  -49.974831544540713 -33.204761662989341 18.066660171003541  -50.03004612545508 -33.120888892647073 19.24599136854199  -50.036439484152694 -33.11098559432731 20.426343506113689  -49.999883019707497 -33.166571373066141 21.606413508154816  -49.925044362045313 -33.279867279845675 22.785245432805503  -49.815611317205736 -33.444037471481302 23.962232024448866  -49.674507530592976 -33.653148332559233 25.137117745259278  -49.436724797954007 -34.0003589055245 26.772507392993798  -49.364905635240468 -34.10475190233214 27.234669430991779  -49.288655597263279 -34.2150291194205 27.69647803709606  -49.208101391937255 -34.330895477151465 28.157925079160893  -49.123356851495416 -34.452073699480792 28.619004233467713  -49.034524146738391 -34.578303269114812 29.079711067626953  -48.941695001283748 -34.709339382667132 29.540043123479808  -48.844951905815336 -34.844951905815329 30.000000000000004 
 0 9 0.28192531360891676 7 0.47538979072058518 7 0.58502741071358744 7 0.88264133154536362 7 1 9
7 0 0  8 23 4  -39.000000000000014 45.596052460711974 0  -37.121935012902469 47.202431311881227 1.2356760338854413  -35.067315574907454 48.806739058801263 2.4242257281098705  -32.849201288113299 50.369002812994445 3.5724323047535291  -30.484225556696266 51.854846625074018 4.6877136810327631  -27.990340342460605 53.238189829632574 5.7766633609489872  -25.385571445385516 54.499158168156725 6.8450736539513191  -22.687593707509009 55.623035684788988 7.8980182700638863  -18.43738775203084 57.118393963080045 9.4943696133270841  -16.939882127479567 57.595829899166795 10.045614141512287  -15.423496945196467 58.029765466849881 10.5943798474144  -13.890849729232535 58.418888589215186 11.14125865708932  -12.344529585444244 58.762173746116162 11.686791076026882  -10.787095267995122 59.058850730171507 12.231469054755188  -9.221074134912751 59.308381861018319 12.775738256031419  -6.4362835906278688 59.666314927718574 13.739826089119894  -5.2199681775608084 59.793941199055496 14.159652292348646  -4.0011562892238866 59.89318013816797 14.579663883766152  -2.780966131578066 59.963961658431835 15.000034499356634  -1.5604933792111257 60.006287236420249 15.420925907881561  -0.34081097372740887 60.020225228062429 15.84248805813341  0.87703107786242629 60.005906184801816 16.26485912618946  2.0920059047516588 59.963518169754543 16.688165562665571 
 0 9 0.51481913479483699 7 0.78872078636541509 7 1 9
7 0 0  7 26 5  -38.996031558549276 45.599446517305765 0.0026107238730885703  -37.938560384754908 46.503781600598131 0.69820573623226556  -36.823699919321783 47.40766080588741 1.3787377775629155  -35.654073664468513 48.30328838453714 2.0453733037518438  -34.432727809627401 49.183562132039306 2.6994103408255459  -33.162918715027139 50.042314659885356 3.3421542507263724  -31.847951335829897 50.87425786380836 3.9748792754515447  -29.097707935921214 52.497055427660811 5.2395384494836827  -27.660203096354817 53.28616994793606 5.8709677167790471  -26.182136743778731 54.037333548831782 6.49442142470203  -24.66715708429032 54.746455933032586 7.11110795499006  -23.118927996243865 55.410151331679522 7.7221244824394679  -21.541095305871615 56.0256433066074 8.3284619289016781  -18.245313250821134 57.186769566626886 9.566692667892374  -16.524421939670404 57.726707768055839 10.198161403146983  -14.778874708353376 58.207841329036185 10.826470878377824  -13.012890397810947 58.628179659163642 11.452555774435107  -11.2306284554745 58.986286076033778 12.077248879651689  -9.4361848812701883 59.281204591197415 12.701288054807168  -4.9177786485257755 59.860775513063558 14.265497576311816  -2.183320096671622 60.064552249561764 15.205710386087336  0.55590721051503778 60.121952554924725 16.148141216164504  3.2868242943057453 60.033535002675663 17.094666035067668  5.9971395380325632 59.801635062791789 18.046856601163945  8.6753490228534247 59.430126050754204 19.005979777261381  11.310807014234378 58.924236479455089 19.972961983364414 
 0 8 0.2108635350883071 6 0.42739864616775625 6 0.6558347760461446 6 1 8
7 0 0  8 30 5  -32.569390943299929 50.390820330517471 3.6126117329108771  -31.151230240824034 51.307428356234176 4.3080946712758994  -29.679857947611769 52.193760826211637 4.9916525173191086  -28.159195817353066 53.043494812019006 5.6648530516113782  -26.593306409457206 53.851245433963214 6.3291626902392712  -24.986303615597681 54.612493064308119 6.9859246174773437  -23.342304091248849 55.32347641367511 7.6363611718834941  -21.665402340674333 55.981085863993414 8.2815860101504271  -18.47420294945427 57.106785540044015 9.4808474622700878  -16.966873737416975 57.588384020124053 10.035899456058088  -15.440362497966619 58.025908305383517 10.588428826746954  -13.897340950029475 58.418015707436865 11.139040379145301  -12.340451663711407 58.763658226665292 11.688286042723485  -10.772306051060779 59.062050193404396 12.236667840406577  -9.1954832850886437 59.312644719391749 12.784640233970448  -3.6497856480739053 60.021990364435744 14.704396922389485  0.35218341470616821 60.22739714626465 16.076455530718722  4.3523008966128174 60.125908434339969 17.454799863952918  8.3132452112559037 59.721677027280052 18.844526167341627  12.201361038697868 59.0251017720175 20.249694941842925  15.986457513120072 58.051627495453005 21.673384245285455  19.64210888485745 56.82086501456179 23.117502523120855  24.727118696441789 54.694669468295317 25.243781656519918  26.277691190973584 53.98568661499246 25.909352343332689  27.795717960098898 53.230883024892812 26.579441773502161  29.279489295396019 52.432366545882928 27.254142852220202  30.727505194062573 51.592305437314074 27.9335227778103  32.138465198663084 50.712903856378929 28.617621755441355  33.51125815752961 49.796380714797962 29.306452424554056  34.844951905815371 48.844951905815371 30.000000000000004 
 0 9 0.19862037496703408 7 0.37158854980362177 7 0.80459485103793582 7 1 9
7 0 0  8 30 5  12.087095435720201 -58.769908319885865 30.000000000000004  13.53923378510288 -58.47124978191048 29.301198022068359  14.992503757608189 -58.129617451795184 28.6059772380979  16.445286646679364 -57.74435879304972 27.91436718844778  17.895860239868568 -57.314901378919615 27.226376435836194  19.342400973465164 -56.84076933372171 26.541991469667565  20.782988405130286 -56.321601424978269 25.861176263455388  22.215612004537501 -55.757170806349528 25.183872485340661  26.81679719895099 -53.784935807060997 23.004286077525951  29.946191589015548 -52.195709813382642 21.515240641273806  33.001920668866049 -50.379146463533573 20.042492962346884  35.958624431800359 -48.338507591584374 18.584603815058596  38.790635066649344 -46.081463745456567 17.139125080801815  41.472747320984098 -43.620604681357555 15.702730038488422  43.981059588482168 -40.974318258169745 14.271261050215493  47.432766235787298 -36.787676894964427 12.136000451143341  48.52379642750347 -35.368513915472498 11.431997394431233  49.565374031221843 -33.913492784092519 10.72740158753539  50.555284891844849 -32.425896019335916 10.021550731607606  51.491576316904748 -30.909343836827826 9.3137127539852269  52.37259657398743 -29.367808710473732 8.6030895933805507  53.197044373977064 -27.805631052572032 7.8888229207369296  54.882847571888284 -24.337034860261085 6.3088799170810628  55.719210304620489 -22.423668514688899 5.4412121158004885  56.471597990832308 -20.495519879679065 4.5654158243024359  57.139348277948542 -18.56142969879398 3.679788147761462  57.722786955574115 -16.630996397945346 2.7825219514427557  58.223417784355235 -14.714564174328761 1.8717326814971837  58.644085286922042 -12.823105148055101 0.94552201893401688  58.989025581401862 -10.967901392550729 0.0021044664625935977 
 0 9 0.17698778092871395 7 0.57245306361792503 7 0.76697259317251842 7 1 9
7 0 0  8 37 6  58.987339743264542 -10.976964517237164 0  58.673120752449243 -12.665495280688454 0.85875924236164092  58.315402161048567 -14.280658230961208 1.7402698874550375  57.923825835986335 -15.810804073136568 2.6462272753186813  57.509786315100605 -17.244385249120914 3.5779615785836096  57.086134475854323 -18.570784053522715 4.5362073174274613  56.666280177198061 -19.781621859936067 5.5207108279512198  56.262250843557588 -20.872010471210451 6.5297506940045764  55.623865751219768 -22.505442315871612 8.2669854162955811  55.375993602144177 -23.113017545835312 8.9841091860067515  55.143144691010065 -23.663023745530054 9.7103500413689616  54.927781225839077 -24.156135053797328 10.444634466893014  54.731602360706844 -24.59391759756512 11.185849916882365  54.555579219048589 -24.978572208777745 11.932873929212731  54.400077158699276 -25.312681682261353 12.684607654560047  54.188436184710319 -25.761319442466345 13.868088100001518  54.118432557654678 -25.908276130759866 14.297382279529826  54.054958210136178 -26.040421773050582 14.727715975042779  53.997943392220684 -26.158288776817081 15.158933567675488  53.947279405942858 -26.262416875166323 15.590892540657425  53.902827018570598 -26.353343343050131 16.023464115604298  53.864424025172838 -26.43159569174172 16.45653375833632  53.74358289902689 -26.677092835925158 18.066660171001136  53.698554239681378 -26.766846450828393 19.245991368547266  53.693174411104501 -26.777334911035371 20.426343506109205  53.723034875359012 -26.717883194783283 21.606413508154464  53.78373267994337 -26.596423062673484 22.785245432809987  53.871191714024121 -26.419566170011755 23.962232024444361  53.98173513861888 -26.192811275694883 25.13711774526125  54.163536948949627 -25.813280102166186 26.772507392993425  54.21803435480556 -25.698886384373719 27.234669430992014  54.275412207274165 -25.577713305901725 27.696478037096448  54.335478313850075 -25.450018138842356 28.157925079160851  54.398049462551711 -25.316038102823128 28.619004233467269  54.462951124185061 -25.175991938999577 29.079711067626715  54.530017154607343 -25.030081484047901 29.540043123480231  54.59908949699075 -24.878493244157564 30.000000000000004 
 0 9 0.28192531360951523 7 0.47538979072096266 7 0.58502741071404496 7 0.88264133154541979 7 1 9
7 0 0  8 23 4  -19.987339743264542 -56.573016977949109 0  -22.317537130026896 -55.749754414749539 1.2356760338848842  -24.734218113355894 -54.772555659789134 2.4242257281132118  -27.196235355260939 -53.632744216053879 3.5724323047447095  -29.66550170834612 -52.327537059297896 4.6877136810455582  -32.11045467270327 -50.859440711986792 5.776663360938123  -34.504869735808789 -49.23412884535513 6.8450736539564812  -36.827165084878615 -47.459550343839382 7.8980182700627344  -40.247286319377686 -44.52644315422441 9.4943696133261923  -41.409510780988448 -43.468283209092363 10.045614141513269  -42.543502597347278 -42.372022903156449 10.594379847414677  -43.64681671449496 -41.239273040277162 11.14125865708858  -44.717270453009 -40.071763091821644 11.686791076026735  -45.752917416646028 -38.871323900210406 12.231469054755939  -46.752028281532958 -37.639875381524192 12.775738256030984  -48.454402682293228 -35.407142559303679 13.739826089119992  -49.173087981994279 -34.417595648242255 14.159652292348428  -49.868437368478453 -33.411693060064685 14.579663883765756  -50.53983104196837 -32.390368146227537 15.00003449935627  -51.186722443919798 -31.354570527045151 15.42092590788125  -51.808634301501385 -30.305263575168727 15.842488058132986  -52.40515467207436 -29.243421899065343 16.264859126188764  -52.975932987672088 -28.170028826497035 16.688165562664881 
 0 9 0.51481913479557639 7 0.78872078636580567 7 1 9
7 0 0  7 26 5  -19.992263303221179 -56.57127723513652 0.0026107238726786088  -21.304176045780544 -56.107647876507947 0.69820573623053428  -22.644388632246205 -55.594089994407142 1.3787377775685481  -24.004837995072677 -55.028977734109972 2.0453733037399195  -25.377850350169957 -54.411398070741448 2.6994103408368839  -26.756456402106135 -53.741087400801455 3.3421542507198363  -28.134424040825955 -53.018263847221903 3.9748792754527269  -30.914929656272413 -51.447881978238804 5.2395384494832289  -32.317075297109696 -50.597523529248953 5.8709677167789298  -33.706635234172097 -49.693062319886003 6.4944214247019492  -35.078243063025838 -48.735612640653095 7.1111079549897456  -36.427134682651619 -47.726654618851306 7.7221244824390931  -37.749082713951694 -46.667957413530303 8.3284619289016302  -40.402538579656557 -44.394289558528179 9.5666926678930366  -41.730584434137889 -43.17392306663853 10.198161403145281  -43.020031936223589 -41.902801601298492 10.826470878378375  -44.267047763570112 -40.583583490747522 11.452555774435831  -45.468307989001381 -39.219152580925005 12.077248879650236  -46.620936702285441 -37.812578117584152 12.701288054807693  -49.382062960287186 -34.189308996344359 14.26549757631159  -50.925768066721915 -31.923086793091077 15.205710386088247  -52.345091842947639 -29.579546511011046 16.148141216161992  -53.633978538449213 -27.170294164690119 17.094666035070546  -54.788304921241043 -24.707142341422646 18.046856601162258  -55.805673421491477 -22.201990384888774 19.005979777261672  -56.685289196927059 -19.666672028097302 19.972961983364439 
 0 8 0.2108635350877095 6 0.42739864616699469 6 0.6558347760455675 6 1 8
7 0 0  8 30 5  -27.355035052115596 -53.401330107943252 3.6126117329108962  -28.857921238938097 -52.631470925808109 4.3080946712764669  -30.361193820739413 -51.800391376452303 4.9916525173180561  -31.857416104042578 -50.90832633397681 5.6648530516121038  -33.339893366514943 -49.956101638194895 6.3291626902395421  -34.802654549890953 -48.945020209933531 6.9859246174766358  -36.240383954289271 -47.876766532719621 7.6363611718840181  -37.648341319318618 -46.753331742231865 8.2815860101502494  -40.218825531421203 -44.552521838918452 9.4808474622702903  -41.389566655612249 -43.487935689468877 10.035899456057795  -42.5317294211454 -42.384700319571124 10.588428826747036  -43.642815166304544 -41.244458161496873 11.139040379145619  -44.720595011742674 -40.068973748280953 11.688286042723364  -45.76308284154873 -38.860115794262711 12.23666784040617  -46.768515450090561 -37.619844484656888 12.784640233970846  -50.155675617249123 -33.171802271844051 14.70439692237812  -52.334547639906404 -29.808698789112565 16.07645553075691  -54.246714577934171 -26.293751075945501 17.454799863892074  -55.877112067989074 -22.661356972648669 18.844526167397998  -57.217918114805123 -18.945862265844205 20.249694941810969  -58.267412898673946 -15.181135424810392 21.67338424529666  -59.029367010044908 -11.399867229100316 23.117502523118517  -59.730532559357641 -5.9330217806366266 25.243781656519626  -59.891821644815835 -4.2356951833098266 25.909352343332589  -59.997155945484558 -2.5436436425730271 26.579441773502353  -60.047506056969993 -0.85940173329437608 27.254142852220426  -60.04399974555124 0.81464737431927603 27.933522777810328  -59.987895638633468 2.4762753724952447 28.617621755441181  -59.880559794301348 4.1234105197998776 29.306452424553932  -59.72344514997291 5.7541375911754145 30.000000000000004 
 0 9 0.19862037496806301 7 0.37158854980554751 7 0.80459485103881312 7 1 9
1 40 -9.7971743931788261e-15 0 0 0 1 
7 0 0  7 20 4  -29.612077203456295 -110.51377664095106 30.000000000000004  -26.634593553830982 -111.65830899422583 28.336408412158576  -23.448810964594884 -112.66399871875043 26.70513703783995  -20.069399900413043 -113.52528262838788 25.108820449397705  -16.512563335297315 -114.23394443174308 23.549000849748303  -12.79659601199829 -114.78041250413388 22.026058855246106  -8.9415912040047587 -115.15511866322019 20.53937124928801  -1.119096471648394 -115.5378494323234 17.680601276480179  2.8412274914664266 -115.55686253062521 16.306393395769941  6.8927714984105393 -115.39873381188414 14.963581272464438  11.015243571249755 -115.05652048423899 13.650106677400146  15.187937857570269 -114.52493979478285 12.363352542160333  19.390314455143297 -113.80072181596789 11.100348072165678  28.57319337665578 -111.79930616166639 8.3915708679643402  33.557523704434495 -110.44597852699641 6.9538533832120519  38.52220704200036 -108.82085236001284 5.5395046607524749  43.435103896463289 -106.92621746751709 4.1428269384975573  48.26583841512506 -104.76874653612806 2.7579579589936305  52.985997172251203 -102.35933370210797 1.3789742695679819  57.569390943299894 -99.713110074590958 0 
 0 8 0.32126448823403098 6 0.63258714608050881 6 1 8
7 0 0  7 32 6  57.569390943299886 99.713110074590972 0  59.758313965500633 98.449334778488009 0.65856626693219411  61.916050766209018 97.131543605883735 1.3171325618402254  64.039757594583421 95.761378244398855 1.9763414814305251  66.126717730509867 94.340692014085903 2.636837120714898  68.174346449116626 92.871545344391009 3.2992620955218555  70.180195985288677 91.356201251115507 3.9642545650079475  73.952757750388187 88.358019150528733 5.2492154403612004  75.725997012257849 86.88165138617741 5.8687115767910951  77.459867277626827 85.369949655685758 6.4914301132381542  79.152665106276316 83.824987080764458 7.1178638663227716  80.802797808143538 82.248969843436598 7.7484987046485205  82.408786627532081 80.64422926000141 8.3838102339443275  85.429847148214577 77.486620172263017 9.6237074893310854  86.850559189977346 75.937008389558997 10.227656282353561  88.230289860591469 74.366383457486464 10.836485587096204  89.568013359884418 72.776840899738019 11.450563658292639  90.862795017296293 71.170554774108879 12.070244414721333  92.113792029646063 69.549765633507789 12.695863574339032  94.833597364937972 65.868395040320863 14.120331531792301  96.276866945825532 63.800813921257379 14.922764921750048  97.648581560136805 61.718552314650537 15.735653449318098  98.947482484359725 59.626270453763183 16.559558808594183  100.17253260054521 57.528710294533838 17.394970787002393  101.32289911541817 55.430632267214413 18.242291575080788  104.21157677134624 49.804156259198322 20.551920178624933  105.81078629576093 46.283473614704818 22.036771227602884  107.19233055448436 42.79734742624688 23.557778215125317  108.35446038910301 39.36786337540876 25.115557386552602  109.29632107067877 36.015556881101489 26.709726498760478  110.01692876397556 32.758487863132771 28.338748431320592  110.51377664095108 29.612077203456298 30.000000000000007 
 0 8 0.17546895653456371 6 0.33743472880328718 6 0.4890310435935758 6 0.67918806039172763 6 1 8
7 0 0  7 32 6  -80.901699437494742 80.901699437494756 30.000000000000004  -83.374862585123594 78.900868421149056 28.340951724740631  -85.832020924188413 76.651587198989318 26.714047909354203  -88.261121460983901 74.163697765942374 25.121901054981258  -90.647080140139806 71.447042622642527 23.566043494421109  -92.972615032073421 68.51258279382057 22.04685899081991  -95.219549779553006 65.372820064162681 20.563737817039243  -98.694889534041977 59.989429898453338 18.222832559627779  -99.98318866752814 57.864444887747069 17.343539558597087  -101.23065359738837 55.670120864055647 16.477072668416053  -102.43313854892547 53.409933383449186 15.622978396863596  -103.58663808684483 51.087552409075677 14.780702156429218  -104.68736279931319 48.706821965156756 13.949607155004021  -106.49737886112261 44.486759551861226 12.527465743952765  -107.23271708856156 42.672580565610808 11.931570589732829  -107.93641878308212 40.830764080327519 11.341030755493959  -108.60717515119927 38.962924438702601 10.755552169354468  -109.24376416500438 37.07071394911096 10.174825964762311  -109.84505839064948 35.155817620888293 9.5985315152185553  -111.04240727868513 31.053133763462238 8.3858863430978321  -111.62927927648211 28.860043469799134 7.7505728240688923  -112.16920892878575 26.643080281363314 7.119936934365886  -112.66091639534079 24.404690293862778 6.4935031140583233  -113.10328715159115 22.147355714555939 5.8707855362626944  -113.49537726319737 19.873588140838631 5.2512914225717973  -114.20606370720384 15.106385561185236 3.9660281232943322  -114.51573835546415 12.610517009420482 3.3007343505215561  -114.76446242765908 10.101547924257108 2.6380114934340471  -114.95149867068086 7.5827339618806837 1.9772205492877615  -115.07635419048736 5.0573481174987949 1.3177180437610474  -115.13878188659973 2.5286741488978803 0.65885901538936342  -115.13878188659973 2.1316282072803006e-14 0 
 0 8 0.32038642831782282 6 0.51778969256586227 6 0.66249016919947989 6 0.82445305070445896 6 1 8
7 0 0  8 37 6  20.700293978811626 -31.66994909341452 30.000000000000004  21.823187573188303 -32.259896205217416 29.227624762547851  22.958736269864911 -32.794492560524439 28.452457990048309  24.106542663828122 -33.271855852671379 27.674841914182789  25.265976429097293 -33.690017175326815 26.895136847944286  26.436140470273006 -34.046957123459677 26.113717334714092  27.615837533202107 -34.340655026555574 25.330969074274211  28.803537274759147 -34.569151314081921 24.547286625755792  30.666641389736871 -34.82115076525146 23.323408480479021  31.337856853536891 -34.89061115006146 22.883578786623278  32.010654138973798 -34.938683186697538 22.443655277475457  32.684661792224659 -34.965059576213505 22.003710418855313  33.3594722781692 -34.969451458569814 21.5638165630724  34.034641308744959 -34.951593169551977 21.124045841115542  34.709687171302321 -34.911246997688934 20.684470054842262  35.823724256011225 -34.807113625428691 19.958780605532933  36.263085793546189 -34.756375815164368 19.672513460972972  36.702030806207553 -34.695937774790664 19.386378929676887  37.140409124230253 -34.625748701337194 19.100396395191652  37.578064382732393 -34.545764280357858 18.814584832996637  38.014834133006417 -34.455947241837876 18.528962813077555  38.450549953810309 -34.356267916100713 18.243548502500492  39.930736937859393 -33.983014662601633 17.271983854285345  40.969347840941673 -33.662067016867503 16.586897206571042  41.998410928427532 -33.283564903536998 15.90336696835022  43.015309290511688 -32.847484738493854 15.221623674845613  44.017284658900202 -32.354106998712545 14.541861449676299  45.001463290114891 -31.804043975591437 13.864240241726865  45.964891524263535 -31.198264585387768 13.188890002204673  49.149193235858306 -28.961236793104412 10.908402963657977  51.259322537186321 -27.073462275092712 9.3137608313383939  53.19299904912441 -24.893417999652456 7.7342023612703557  54.909715968041915 -22.451201357627049 6.1694170461848632  56.373117942180023 -19.78700212795345 4.617177983999083  57.553646894388336 -16.948847865113358 3.0741160341139753  58.430302218276779 -13.990664804861762 1.5363132923129996  58.992063117098567 -10.969655114602897 0 
 0 9 0.20379858874781551 7 0.31805655600003757 7 0.3925397929292882 7 0.57180169300109374 7 1 9
7 0 0  7 26 5  2.0920059047496693 37.777127440862735 30.000000000000004  1.8486727420357008 38.705708781612792 29.363165718963824  1.565065992629157 39.614043825222517 28.724677806499717  1.2407073043910242 40.500831235060716 28.084791213217851  0.87522546768184384 41.364643823449747 27.443768223733173  0.46839074406259684 42.203933358650318 26.801876954768165  0.020153341713617174 43.017043753435942 26.15939082553329  -1.4338910019273072 45.349578414362419 24.24984068800801  -2.558790673763383 46.788819743128357 22.981596846491492  -3.8425451077280144 48.106106794996712 21.714347340044881  -5.2803386505053069 49.286910767911323 20.450306937600828  -6.8632743420988476 50.316532021796576 19.191368551222016  -8.5776573394313473 51.181159469067616 17.939117063358658  -12.114426158641447 52.513560023675353 15.531247059055348  -13.923026404423002 53.003477572809722 14.374382017577972  -15.815790646845993 53.330048164641482 13.225636993250685  -17.774894684906279 53.486295411585346 12.085528201756155  -19.78034839541872 53.467997427173863 10.954007317924997  -21.810800274865624 53.274095034323928 9.8306318736235188  -26.149302339172408 52.490723388322223 7.4499913512747682  -28.458554881317244 51.851878447481234 6.1946899712879464  -30.740692174046497 50.993568121007414 4.9477044101664571  -32.964189236642731 49.924230732761998 3.7071153443151204  -35.09901724776045 48.657172510506165 2.4705917295202777  -37.117664991301453 47.209998206856994 1.2356645680864971  -38.996031558549284 45.60379772376092 0 
 0 8 0.14485499548878758 6 0.43031594767659198 6 0.69734602914244226 6 1 8
7 0 0  8 37 6  -32.569390943299879 56.411839885369005 0  -29.508315130768288 58.17915282974397 1.627890077022029  -26.259807420403391 59.623601097225119 3.2561895832377097  -22.884035553360903 60.710060625784834 4.8901294166066265  -19.447075858148686 61.414766496585038 6.5352889189521015  -16.017661382718913 61.726357193230633 8.1967397632209895  -12.664454007464464 61.646205991453826 9.8783620180592404  -9.4516316693508458 61.188484964049756 11.581741341141344  -4.0606678507335232 59.742384426011412 14.660566315055028  -1.8069639982847807 58.887809360239707 16.029032895748635  0.2999327524498927 57.827601335088026 17.409530454287957  2.2384190505109487 56.578064220240037 18.800964652584856  3.9927860818141072 55.157671380172566 20.201763375591575  5.5530052708459721 53.585605672059174 21.609750050613705  6.9141033467010304 51.880767511928561 23.022135449285265  8.2186512867802293 49.836911926157917 24.60990438777452  8.358845928737777 49.610762675606352 24.784250175192167  8.4960100223845529 49.382888214671979 24.958617892711121  8.6301438827658856 49.153319882187098 25.133002778657168  8.7612487089251001 48.922088561652608 25.307400080696169  8.8893265839035092 48.689224681238095 25.481805055834048  9.0143804747404346 48.454758213781808 25.656212970416799  9.2584564848565645 47.982662709318042 26.005037370084402  9.3774781083608811 47.745033414402386 26.179453864967297  9.4934829583347593 47.505860300171264 26.353863864411153  9.6064756192265222 47.265172348762754 26.528262672071136  9.7164614045842264 47.022998016325246 26.702645615625663  9.8234463570556407 46.779365233017522 26.877008046776325  9.9274372483882587 46.534301403008776 27.051345341247945  10.229779125308598 45.796535046770465 27.573109839513013  10.419249490817791 45.299657230033674 27.920448611581421  10.596911536287628 44.797412667103949 28.267632850419464  10.762834326655323 44.290005216344582 28.614626684589812  10.917095981770968 43.777629750503287 28.961394774977041  11.059782526703946 43.260472025569278 29.307902353972693  11.190986742049345 42.738708549630182 29.654115264660227  11.310807014234371 42.212506451729119 30.000000000000004 
 0 9 0.45998005796589764 7 0.82179725690491545 7 0.86641974098514574 7 0.91104533119287945 7 1 9
7 0 0  7 20 4  102.06322518738614 35.378103651273022 30.000000000000004  101.51212579367078 38.185537000815991 28.517174910296529  100.75673420960722 41.06902391851655 27.060047730753052  99.801921665592076 44.015075818539771 25.630426141573778  98.651264658971755 47.008673668339718 24.229346368191315  97.30819079558907 50.033538430027079 22.857040986565828  95.776552681900398 53.072759419675407 21.513044530136753  92.114648505651417 59.554294744741462 18.702526948619976  89.931641968391205 62.995751833761197 17.243877413639893  87.518684565983747 66.408921848094579 15.818856416053979  84.88385820054377 69.768739400377555 14.4250547616817  82.037194364833368 73.051072880212601 13.059364429792703  78.990640750604427 76.233573798867099 11.718230224160846  71.994238326638765 82.86165573475148 8.860419197246145  67.978203258659491 86.264582992684723 7.351092162061855  63.731778392760589 89.472820867570604 5.8637798642852816  59.280349453748173 92.458387219855524 4.3918877177121081  54.652473883789369 95.198262734228223 2.9285862899059385  49.879646808384514 97.674533637916994 1.4669222907841266  44.996031558549305 99.874723027585731 0 
 0 8 0.28941105915572191 6 0.61773751629210238 6 1 8
7 0 0  7 20 4  -108.99206311709851 10.969655114602906 0  -108.60031773818449 14.861950416356933 1.0713519472254334  -108.0514900209275 18.731818210547544 2.1455155520410245  -107.3480192131846 22.565343186030088 3.2251891446200411  -106.49402576645755 26.348818553817456 4.3130761645759481  -105.49532087351837 30.068821556681424 5.4118561061174262  -104.35932764613835 33.712330172935509 6.52412916684702  -101.55041329590446 41.608819085427015 9.0304547457613182  -99.814301151017176 45.818005727962266 10.432341609088752  -97.902714508798226 49.871795278084974 11.862462451999331  -95.834953270393797 53.748731675083924 13.324903317711176  -93.633010300729438 57.428971504016239 14.823156935162398  -91.320247312410245 60.894878454835727 16.359712229143369  -86.479115529312892 67.420314064478873 19.537783729982028  -83.947833350254967 70.47218757919714 21.180605994766694  -81.34962227797206 73.270169494528631 22.865440176357872  -78.70776101864918 75.800432602704831 24.592247383885486  -76.042669727350642 78.051283820404734 26.359405120575513  -73.370108887261821 80.011927393981154 28.16358474731862  -70.700293978811629 81.669949093414516 30.000000000000004 
 0 8 0.28875301548479021 6 0.64146922829926023 6 1 8
7 0 0  7 20 4  -71.636895265444053 71.636895265444068 30.000000000000004  -73.87661042449632 70.181442767973678 28.452542795611421  -76.093212875437715 68.486779523000095 26.927477305392181  -78.279966440556294 66.565411895620301 25.427824705227252  -80.42695834266533 64.428303536437411 23.955701553924534  -82.522072737768312 62.086497853333711 22.512228654704145  -84.551918233616306 59.551601872585152 21.097611458976658  -88.886732959734914 53.51749409362661 18.017155677413825  -91.152592173325402 49.929330407806631 16.365367407335803  -93.275195274926205 46.094328549845741 14.754946836108299  -95.228460733326273 42.037346348879893 13.183293958461363  -96.988135860043542 37.785700308881857 11.646465416955939  -98.533562823590088 33.368310193806252 10.139701067726957  -100.97849319558483 24.900961966878921 7.3836407658441692  -101.93818640211005 20.886507892027954 6.127910700664601  -102.71687375375866 16.790972522950867 4.8871550205425081  -103.30638907330585 12.63421626950063 3.6577606221786523  -103.70124181245417 8.4364910509571942 2.4359765975275338  -103.89866919029745 4.2182541153605175 1.2179908024522939  -103.89866919029745 -1.0658141036401503e-14 0 
 0 8 0.30557376653043983 6 0.6789883916059728 6 1 8
7 0 0  8 44 7  -38.996031558549269 -45.603797723760927 0  -41.114696632617751 -43.792116806508645 1.3937425257225418  -43.058853436957676 -41.781975221169482 2.7886136351110848  -44.795822229506165 -39.601774778118639 4.1875262615320175  -46.298092875877529 -37.284631295508738 5.5934403519985665  -47.544312345990569 -34.86690669197727 7.0089504972410808  -48.519877531085768 -32.386707395438712 8.4359163995425472  -49.217444511365308 -29.881882393293292 9.8749986238880236  -49.942783538965259 -25.570665134080478 12.382144722305405  -50.100987803060548 -23.758642312071085 13.445242475297018  -50.111507282538021 -21.965728574165166 14.514224936513807  -49.976366691178065 -20.204461598556414 15.588668778762637  -49.699331859235286 -18.485827002569376 16.667970247552415  -49.285503205877795 -16.819089536969127 17.751304289488303  -48.740951391968366 -15.211772576249539 18.837613076159052  -47.960725930589255 -13.412058507447385 20.107429841291516  -47.845547952607049 -13.156190175814064 20.289295485358164  -47.726936092227831 -12.902164234761704 20.471208315895474  -47.604921325529894 -12.65000539580733 20.653163320922634  -47.479534873192996 -12.399736994547627 20.835155458795313  -47.350808200498427 -12.151380990658945 21.017179658205698  -47.218773017328971 -11.904957967897298 21.199230818182485  -46.959529037093553 -11.436575901426854 21.548064754470658  -46.832848089493609 -11.214302343480144 21.714844028448248  -46.703442964005447 -10.993681209966002 21.88163769438318  -46.571338217407742 -10.774726352063119 22.04844181388253  -46.436558434621467 -10.557450722421148 22.215252445800886  -46.29912822870989 -10.341866375160656 22.382065646240399  -46.159072240878558 -10.127984465873153 22.54887746855071  -45.750360934975028 -9.5201215807846218 23.026776571513754  -45.475259404934299 -9.1303850145115941 23.337850697369451  -45.191270255343468 -8.7466724167434275 23.648880726099634  -44.898552624629069 -8.3690401675349495 23.959841171985573  -44.597264555059752 -7.9975347574448481 24.270706703620473  -44.287562463152206 -7.6321933819261192 24.58145216914351  -43.969600610077123 -7.2730445357165143 24.892052621474008  -43.009985142012887 -6.2343634649959183 25.805641997788296  -42.345831628370988 -5.5720745756479051 26.408158494614085  -41.652180412666766 -4.9333889632063039 27.009853671924624  -40.930103855091708 -4.3183384402646627 27.610551627163201  -40.180625713783535 -3.7268566821085307 28.210080241180261  -39.404712681890743 -3.1587948243583002 28.808271823645743  -38.603268042419465 -2.6139355841350871 29.404963880008093  -37.777127440862735 -2.0920059047496622 30.000000000000004 
 0 9 0.38845701086965173 7 0.67155038233886166 7 0.71885739893995804 7 0.76218597207304106 7 0.84299337014714637 7 1 9
7 0 0  7 26 5  -19.996031558549276 -56.573452838363806 0  -22.328250196924884 -55.749124197373185 1.2367383576740483  -24.592770576738051 -54.723446138718749 2.4727376915206816  -26.759199185951324 -53.506772719450495 3.7103381501790604  -28.798460014871722 -52.114170177605814 4.9520153901272721  -30.68395028840785 -50.565049033271528 6.2001063649071844  -32.392548633581882 -48.882561412463282 7.4565343692545722  -35.237957486595469 -45.516351505917875 9.8369762862209758  -36.418862854576844 -43.856648274779765 10.958989094273953  -37.435567081417531 -42.131026347170518 12.089129014213452  -38.278357207246209 -40.358435356874367 13.227836028596926  -38.94092226948348 -38.558224905750151 14.375157124738296  -39.420402738723439 -36.749249392525634 15.530576937753535  -40.03547326981127 -33.020185795320558 17.93836174500014  -40.144069678619587 -31.101002046733278 19.192010644207532  -40.04358281649391 -29.213228762061142 20.452361542739251  -39.739144945291322 -27.375694655627854 21.717824430525781  -39.239070225221717 -25.603500130672778 22.986499781246877  -38.553571792205297 -23.908109422497162 24.256164845620184  -37.258978054704237 -21.482875793975918 26.166014842861625  -36.779375424618408 -20.689696526924909 26.807391861873466  -36.25655858147833 -19.919210668084279 27.448174187297649  -35.691979111588587 -19.172198025570044 28.088089831004933  -35.08708508535149 -18.44923016706332 28.726872077292132  -34.443290674172871 -17.750696921932974 29.364260008740377  -33.761954998164192 -17.076833462051123 30.000000000000004 
 0 8 0.30291659494909562 6 0.5696137724132202 6 0.85539374054649331 6 1 8
7 0 0  6 62 13  -42.212506451729119 -11.310807014234385 30.000000000000004  -42.735263705869222 -11.795359641481875 29.543162248251861  -43.24055413919379 -12.29390535385687 29.085723394896942  -43.727849947727769 -12.806448631116048 28.627774621052627  -44.196599420632104 -13.332951052882493 28.169410040487179  -44.64623306506774 -13.873323027478028 27.71072634329812  -45.298811183002009 -14.714350706729951 27.014180387853376  -45.516170650397221 -15.00496519416073 26.776479287695693  -45.728167258339035 -15.299238440924375 26.538732902932107  -45.934719663195636 -15.597145346141177 26.300955120259776  -46.135746052609818 -15.898656250175241 26.063159949258488  -46.433658618906115 -16.363748137476836 25.700639066150643  -46.534610339424894 -16.524741325891885 25.575915712364608  -46.634007455223433 -16.686711544077735 25.451193498805527  -46.731838119620647 -16.849653460439956 25.326474468497761  -46.828090491086385 -17.01356136759162 25.201760669717075  -47.00560382893002 -17.322726198627649 24.967907456456121  -47.087236849910312 -17.467758525952274 24.858766336853165  -47.167643861591387 -17.613522084550098 24.74963217397077  -47.246816949575333 -17.760012564026592 24.640506345721491  -47.324748219657124 -17.907225423369724 24.531390231141529  -47.869721200576059 -18.958561478422894 23.755985110215555  -48.291408507703721 -19.888736144084106 23.090094390928847  -48.664692726240041 -20.844582245567707 22.424935204707026  -48.987825327368078 -21.824687342338116 21.760820025271663  -49.25916816931997 -22.827284544294443 21.09804850000933  -49.641650284334538 -24.621117960985188 19.938686731343424  -49.775790969287108 -25.403562612174298 19.441387991657674  -49.879088670246084 -26.196657541078682 18.945137832385857  -49.950993659439554 -26.999381150203678 18.450048671951027  -49.991039766923429 -27.810606751328052 17.956222445622814  -50.005552838800554 -29.329286722386367 17.04246962759477  -49.988662821889157 -30.034792734046984 16.622178081398051  -49.947962698714228 -30.744855462869044 16.202934619327923  -49.883277817891106 -31.458659326081047 15.784787708484751  -49.794493283551503 -32.175346414095614 15.367777481913473  -49.550662886869283 -33.72700590171052 14.469954000909288  -49.387323459169608 -34.562664084650926 13.989540544862317  -49.191463482685691 -35.399601557438643 13.510747928231998  -48.96312166285059 -36.236368981228118 13.033607292673095  -48.702457665073304 -37.071477126608464 12.558132110457139  -48.100856765342428 -38.781388173964665 11.584287865563089  -47.756274378000484 -39.655833931698254 11.086105949427099  -47.376343613041364 -40.524970058677418 10.589773424796848  -46.961549339646517 -41.387000968676141 10.095262405332637  -46.512523863230449 -42.240134776572837 9.6025234264225592  -45.541238521083763 -43.936116194369163 8.6140194542500357  -45.018094249140951 -44.778685056536489 8.1182979266078732  -44.461416771948855 -45.608472542974589 7.6242553476116131  -43.872158073608176 -46.423675816756749 7.1317985281697363  -43.251406356632152 -47.22254444237074 6.6408158464788345  -41.937538702524655 -48.798413660566005 5.6526679144727483  -41.243313396984426 -49.574756189284102 5.1555512116339406  -40.51898121803373 -50.330652424540283 4.6596990045030422  -39.7659547282083 -51.06440880607925 4.1649609689687264  -38.985765037539117 -51.774425133821182 3.671174090047773  -37.311881966424991 -53.197068338786842 2.6469481906018708  -36.414076723458187 -53.905633222066733 2.1166339322157319  -35.488680690505021 -54.583033620789969 1.5870109828760264  -34.537880709023916 -55.227547250580983 1.0578529898529954  -33.563982579588036 -55.837612136424291 0.52892706831183778  -32.569390943299872 -56.411839885369012 0 
 0 7 0.088097936913008532 5 0.1337191972960384 5 0.15764700761288014 5 0.17858931002461598 5 0.30648313286436801 5 0.40286191822317807 5 0.4853086972825259 5 0.58086909912867579 5 0.68171808741754614 5 0.78388909984778776 5 0.88791314762203843 5 1 7
7 0 0  7 20 4  -108.99206311709854 -10.969655114602883 0  -109.52719682712505 -5.6526851196525811 1.4634928020138145  -109.76921375025151 -0.29386044630187236 2.9217397306326189  -109.7118934521751 5.0712755879661806 4.3815972144602213  -109.35499005233424 10.406765779537682 5.8499741774235279  -108.70408851778545 15.676628630827903 7.3336541076924222  -107.77060519999348 20.845131171787706 8.8391858155770855  -105.53720796824035 30.215517073128705 11.694344723189968  -104.30561597145312 34.45240339453278 13.036830128973026  -102.886982082834 38.566047870018764 14.403889828199226  -101.29471450636137 42.534838661812742 15.799096468102427  -99.544740180918069 46.337934261078757 17.22557514695491  -97.654783818263653 49.955720513580388 18.685750253299112  -93.869063219406485 56.380431214534056 21.49977130411304  -92.000442871237397 59.232569212927871 22.845746712838388  -90.049619423751153 61.913744059566781 24.220121325420969  -88.029376257508716 64.412102047506039 25.623366323952645  -85.952162816544103 66.716478631045675 27.05525061583106  -83.829256563570993 68.816214966948905 28.514734051076626  -81.669949093414516 70.700293978811629 30.000000000000004 
 0 8 0.38136562603526403 6 0.71011242505826 6 1 8
7 0 0  7 20 4  44.996031558549312 -99.874723027585731 0  41.400114931891018 -101.49477235648689 1.0801281398292608  37.744126131893729 -102.96514068563469 2.1631088428271403  34.041650083938997 -104.28086785277974 3.2517103856602558  30.306965967830358 -105.43861211701613 4.3487072232174029  26.554962120716709 -106.43666847942421 5.4568432752125879  22.801020335556025 -107.27499955955132 6.5787821552955492  14.552618480443577 -108.77490546308016 9.0889268748794176  10.064359087919563 -109.3648560134566 10.48450724744956  5.6232452642236126 -109.72768750919583 11.90814384091  1.2570695265244964 -109.86935967359176 13.363846853946857  -3.0064397677123367 -109.79889562081507 14.855040008316797  -7.1407660257860641 -109.52754542215146 16.384160450280394  -15.182878394768885 -108.59734094645907 19.552385500985778  -19.084351568535332 -107.93074267410029 21.193085357944021  -22.799824544647684 -107.07986188024483 22.875672383857577  -26.305802208562248 -106.05788040601068 24.600100712255383  -29.58204781579898 -104.87657284433514 26.364749966339208  -32.611410949038138 -103.54414531439926 28.166304554350361  -35.378103651273001 -102.06322518738614 30.000000000000004 
 0 8 0.29111684177202757 6 0.64200017998332959 6 1 8
7 0 0  7 20 4  -26.220923515397715 -97.857818780841797 30.000000000000004  -23.840607099053539 -99.069742757090623 28.452542795606757  -21.264684452619804 -100.14204516719494 26.9274773054129  -18.507354494625528 -101.07514549274167 25.427824705186637  -15.583068414046412 -101.86594084206625 23.955701553967657  -12.507448004055105 -102.50946029052787 22.512228654679152  -9.2972409409231211 -102.99991006530745 21.097611458983163  -1.9041429520923572 -103.73691584934778 18.017155677411971  2.3362275595370114 -103.90512564680473 16.365367407346575  6.7187381429436925 -103.82585292596343 14.754946836087438  11.208820520814967 -103.48893933279126 13.18329395848092  15.770691562763119 -102.88703967493269 11.646465416946731  20.368977102594563 -102.01672362752333 10.139701067728589  28.924380955800359 -99.900421326691188 7.3836407658457244  32.880846770232587 -98.724312985950476 6.1279107006612357  36.817028117728057 -97.350908329556745 4.8871550205462837  40.711642290383509 -95.78306544546578 3.6577606221759771  44.544405337288154 -94.026155339059983 2.435976597528803  48.296219371629292 -92.088013995872899 1.2179908024519619  51.94933459514877 -89.978886938193213 0 
 0 8 0.30557376653143131 6 0.67898839160683155 6 1 8
Polygon3D 0
PolygonOnTriangulations 168
5 6 11 12 13 10 
p 1.27320508155693 1 0 0.241140382929484 0.482280765858967 0.687696647613713 0.893112529368458 
5 1 2 3 4 5 
p 1.27320508155693 1 0 0.241140382929484 0.482280765858967 0.687696647613713 0.893112529368458 
2 1 2 
p 1.27320508155693 1 0 0.0697094648070672 
2 6 5 
p 1.27320508155693 1 0 0.0697094648070672 
11 6 7 8 9 10 11 12 13 14 15 16 
p 1.27320508155693 1 0.183985661127085 0.356628039140988 0.52927041715489 0.701912795168793 0.874555173182696 1.0471975511966 1.2198399292105 1.3924823072244 1.56512468523831 1.73776706325221 1.91040944126611 
11 55 56 57 58 59 60 61 62 63 64 65 
p 1.27320508155693 1 0.183985661127085 0.356628039140988 0.52927041715489 0.701912795168793 0.874555173182696 1.0471975511966 1.2198399292105 1.3924823072244 1.56512468523831 1.73776706325221 1.91040944126611 
2 3 1 
p 1.27320508155693 1 0 0.014515298258515 
2 16 17 
p 1.27320508155693 1 0 0.014515298258515 
9 1 6 7 8 9 10 11 12 13 
p 1.27320508155693 1 0 0.129428784997389 0.258857569994779 0.388286354992168 0.517715139989557 0.647143924986947 0.776572709984336 0.882815790517807 0.989058871051279 
9 18 19 20 21 22 23 24 25 17 
p 1.27320508155693 1 0 0.129428784997389 0.258857569994779 0.388286354992168 0.517715139989557 0.647143924986947 0.776572709984336 0.882815790517807 0.989058871051279 
12 18 26 27 28 29 30 31 32 33 34 35 36 
p 1.27320508155693 1 0 0.169971446077012 0.339942892154025 0.509914338231037 0.679885784308049 0.849857230385061 1.01982867646207 1.18980012253909 1.3597715686161 1.52974301469311 1.69971446077012 1.86968590684713 
12 61 62 63 64 65 66 67 68 69 70 71 72 
p 1.27320508155693 1 0 0.169971446077012 0.339942892154025 0.509914338231037 0.679885784308049 0.849857230385061 1.01982867646207 1.18980012253909 1.3597715686161 1.52974301469311 1.69971446077012 1.86968590684713 
6 18 19 20 21 22 23 
p 1.27320508155693 1 0.385620502110943 0.534914720097984 0.684208938085025 0.820886490359581 0.91044324517979 1 
6 1 37 38 39 40 36 
p 1.27320508155693 1 0.385620502110943 0.534914720097984 0.684208938085025 0.820886490359581 0.91044324517979 1 
6 1 2 3 4 5 6 
p 1.27320508155693 1 0 0.108350067688353 0.216700135376706 0.325050203065059 0.410239019429998 0.495427835794938 
6 13 14 15 16 17 18 
p 1.27320508155693 1 0 0.108350067688353 0.216700135376706 0.325050203065059 0.410239019429998 0.495427835794938 
4 1 7 8 9 
p 1.27320508155693 1 2.54222749932212 2.58416982253143 2.62611214574074 2.66805446895005 
4 100 101 102 103 
p 1.27320508155693 1 2.54222749932212 2.58416982253143 2.62611214574074 2.66805446895005 
2 10 9 
p 1.27320508155693 1 0.987563169149424 1 
2 2 3 
p 1.27320508155693 1 0.987563169149424 1 
7 1 2 3 4 5 6 7 
p 1.27320508155693 1 0 0.197732616064179 0.395465232128358 0.593197848192538 0.771157202650299 0.885578601325149 1 
7 29 46 47 48 49 50 1 
p 1.27320508155693 1 0 0.197732616064179 0.395465232128358 0.593197848192538 0.771157202650299 0.885578601325149 1 
6 7 24 25 26 27 23 
p 1.27320508155693 1 1.02320501151485 1.16315061134204 1.30309621116924 1.44304181099643 1.58298741082362 1.72293301065082 
6 80 100 101 102 103 72 
p 1.27320508155693 1 1.02320501151485 1.16315061134204 1.30309621116924 1.44304181099643 1.58298741082362 1.72293301065082 
7 1 8 9 10 11 12 13 
p 1.27320508155693 1 1.62085691775341 1.77441868134819 1.92798044494298 2.08154220853777 2.23510397213255 2.38866573572734 2.54222749932212 
7 78 95 96 97 98 99 100 
p 1.27320508155693 1 1.62085691775341 1.77441868134819 1.92798044494298 2.08154220853777 2.23510397213255 2.38866573572734 2.54222749932212 
5 1 2 3 4 5 
p 1.27320508155693 1 4.65516537605035 4.80963871881274 4.96411206157513 5.11858540433752 5.27305874709991 
5 61 73 74 75 76 
p 1.27320508155693 1 4.65516537605035 4.80963871881274 4.96411206157513 5.11858540433752 5.27305874709991 
4 12 13 14 5 
p 1.27320508155693 1 5.27305874709991 5.31039928896083 5.34773983082175 5.38508037268268 
4 76 77 78 79 
p 1.27320508155693 1 5.27305874709991 5.31039928896083 5.34773983082175 5.38508037268268 
21 1 2 3 4 5 6 7 8 9 10 11 12 13 14 15 16 17 18 19 20 21 
p 1.27320508155693 1 0 0.168350309789436 0.336700619578872 0.505050929368308 0.673401239157744 0.84175154894718 1.01010185873662 1.17845216852605 1.34680247831549 1.51515278810492 1.68350309789436 1.85185340768379 2.02020371747323 2.18855402726267 2.3569043370521 2.52525464684154 2.69360495663098 2.86195526642041 3.03030557620985 3.19865588599928 3.36700619578872 
21 80 81 82 83 84 85 86 87 88 89 90 91 92 93 94 95 96 97 98 99 79 
p 1.27320508155693 1 0 0.168350309789436 0.336700619578872 0.505050929368308 0.673401239157744 0.84175154894718 1.01010185873662 1.17845216852605 1.34680247831549 1.51515278810492 1.68350309789436 1.85185340768379 2.02020371747323 2.18855402726267 2.3569043370521 2.52525464684154 2.69360495663098 2.86195526642041 3.03030557620985 3.19865588599928 3.36700619578872 
12 1 2 3 4 5 6 7 8 9 10 11 12 
p 1.27320508155693 1 0.951147640009581 1.12111908608659 1.29109053216359 1.4610619782406 1.63103342431761 1.80100487039462 1.97097631647162 2.14094776254863 2.31091920862564 2.48089065470264 2.65086210077965 2.82083354685666 
12 104 105 106 107 108 109 110 111 112 113 114 115 
p 1.27320508155693 1 0.951147640009581 1.12111908608659 1.29109053216359 1.4610619782406 1.63103342431761 1.80100487039462 1.97097631647162 2.14094776254863 2.31091920862564 2.48089065470264 2.65086210077965 2.82083354685666 
5 17 18 19 20 9 
p 1.27320508155693 1 4.65516537605038 4.80963871881275 4.96411206157513 5.1185854043375 5.27305874709987 
5 115 116 117 118 119 
p 1.27320508155693 1 4.65516537605038 4.80963871881275 4.96411206157513 5.1185854043375 5.27305874709987 
4 11 12 13 10 
p 1.27320508155693 1 5.27305874709988 5.31039928896081 5.34773983082175 5.38508037268269 
4 119 120 121 122 
p 1.27320508155693 1 5.27305874709988 5.31039928896081 5.34773983082175 5.38508037268269 
21 1 2 3 4 5 6 7 8 9 10 11 12 13 14 15 16 17 18 19 20 21 
p 1.27320508155693 1 0 0.168350309789435 0.33670061957887 0.505050929368305 0.673401239157739 0.841751548947174 1.01010185873661 1.17845216852604 1.34680247831548 1.51515278810491 1.68350309789435 1.85185340768378 2.02020371747322 2.18855402726265 2.35690433705209 2.52525464684152 2.69360495663096 2.86195526642039 3.03030557620983 3.19865588599926 3.3670061957887 
21 123 124 125 126 127 128 129 130 131 132 133 134 135 136 137 138 139 140 141 142 122 
p 1.27320508155693 1 0 0.168350309789435 0.33670061957887 0.505050929368305 0.673401239157739 0.841751548947174 1.01010185873661 1.17845216852604 1.34680247831548 1.51515278810491 1.68350309789435 1.85185340768378 2.02020371747322 2.18855402726265 2.35690433705209 2.52525464684152 2.69360495663096 2.86195526642039 3.03030557620983 3.19865588599926 3.3670061957887 
6 1 2 3 4 5 6 
p 1.27320508155693 1 1.02320501151483 1.16315061134203 1.30309621116923 1.44304181099643 1.58298741082363 1.72293301065083 
6 123 143 144 145 146 104 
p 1.27320508155693 1 1.02320501151483 1.16315061134203 1.30309621116923 1.44304181099643 1.58298741082363 1.72293301065083 
12 10 11 12 13 14 15 16 17 18 19 20 1 
p 1.27320508155693 1 3.04554274240275 3.21551418847976 3.38548563455677 3.55545708063378 3.72542852671079 3.8953999727878 4.06537141886481 4.23534286494182 4.40531431101883 4.57528575709584 4.74525720317285 4.91522864924986 
12 147 148 149 150 151 152 153 154 155 156 157 158 
p 1.27320508155693 1 3.04554274240275 3.21551418847976 3.38548563455677 3.55545708063378 3.72542852671079 3.8953999727878 4.06537141886481 4.23534286494182 4.40531431101883 4.57528575709584 4.74525720317285 4.91522864924986 
5 17 18 19 20 9 
p 1.27320508155693 1 4.65516537605038 4.80963871881275 4.96411206157512 5.11858540433749 5.27305874709986 
5 158 159 160 161 162 
p 1.27320508155693 1 4.65516537605038 4.80963871881275 4.96411206157512 5.11858540433749 5.27305874709986 
4 11 12 13 10 
p 1.27320508155693 1 5.27305874709986 5.3103992889608 5.34773983082174 5.38508037268268 
4 162 163 164 165 
p 1.27320508155693 1 5.27305874709986 5.3103992889608 5.34773983082174 5.38508037268268 
21 1 2 3 4 5 6 7 8 9 10 11 12 13 14 15 16 17 18 19 20 21 
p 1.27320508155693 1 0 0.168350309789434 0.336700619578868 0.505050929368303 0.673401239157737 0.841751548947171 1.0101018587366 1.17845216852604 1.34680247831547 1.51515278810491 1.68350309789434 1.85185340768378 2.02020371747321 2.18855402726264 2.35690433705208 2.52525464684151 2.69360495663095 2.86195526642038 3.03030557620982 3.19865588599925 3.36700619578868 
21 166 167 168 169 170 171 172 173 174 175 176 177 178 179 180 181 182 183 184 185 165 
p 1.27320508155693 1 0 0.168350309789434 0.336700619578868 0.505050929368303 0.673401239157737 0.841751548947171 1.0101018587366 1.17845216852604 1.34680247831547 1.51515278810491 1.68350309789434 1.85185340768378 2.02020371747321 2.18855402726264 2.35690433705208 2.52525464684151 2.69360495663095 2.86195526642038 3.03030557620982 3.19865588599925 3.36700619578868 
6 10 28 29 30 31 27 
p 1.27320508155693 1 1.02320501151486 1.16315061134205 1.30309621116924 1.44304181099643 1.58298741082362 1.72293301065081 
6 166 186 187 188 189 147 
p 1.27320508155693 1 1.02320501151486 1.16315061134205 1.30309621116924 1.44304181099643 1.58298741082362 1.72293301065081 
37 1 2 3 4 5 6 7 8 9 10 11 12 13 14 15 16 17 18 19 20 21 22 23 24 25 26 27 28 29 30 31 32 33 34 35 36 37 
p 1.27320508155693 1 0 0.174532925199433 0.349065850398866 0.523598775598299 0.698131700797732 0.872664625997165 1.0471975511966 1.22173047639603 1.39626340159546 1.5707963267949 1.74532925199433 1.91986217719376 2.0943951023932 2.26892802759263 2.44346095279206 2.61799387799149 2.79252680319093 2.96705972839036 3.14159265358979 3.31612557878922 3.49065850398866 3.66519142918809 3.83972435438752 4.01425727958696 4.18879020478639 4.36332312998582 4.53785605518525 4.71238898038469 4.88692190558412 5.06145483078355 5.23598775598299 5.41052068118242 5.58505360638185 5.75958653158128 5.93411945678072 6.10865238198015 6.28318530717959 
37 190 191 192 193 194 195 196 197 198 199 200 201 202 203 204 205 206 207 208 209 210 211 212 213 214 215 216 217 218 219 220 221 222 223 224 225 190 
p 1.27320508155693 1 0 0.174532925199433 0.349065850398866 0.523598775598299 0.698131700797732 0.872664625997165 1.0471975511966 1.22173047639603 1.39626340159546 1.5707963267949 1.74532925199433 1.91986217719376 2.0943951023932 2.26892802759263 2.44346095279206 2.61799387799149 2.79252680319093 2.96705972839036 3.14159265358979 3.31612557878922 3.49065850398866 3.66519142918809 3.83972435438752 4.01425727958696 4.18879020478639 4.36332312998582 4.53785605518525 4.71238898038469 4.88692190558412 5.06145483078355 5.23598775598299 5.41052068118242 5.58505360638185 5.75958653158128 5.93411945678072 6.10865238198015 6.28318530717959 
21 1 2 3 4 5 6 7 8 9 10 11 12 13 14 15 16 17 18 19 20 21 
p 1.27320508155693 1 0 0.170625558702304 0.341251117404608 0.511876676106912 0.682502234809216 0.85312779351152 1.02375335221382 1.19437891091613 1.36500446961843 1.53563002832074 1.70625558702304 1.87688114572534 2.04750670442765 2.21813226312995 2.38875782183226 2.55938338053456 2.73000893923686 2.90063449793917 3.07126005664147 3.24188561534377 3.41251117404608 
21 1 2 3 4 5 6 7 8 9 10 11 12 13 14 15 16 17 18 19 20 21 
p 1.27320508155693 1 0 0.170625558702304 0.341251117404608 0.511876676106912 0.682502234809216 0.85312779351152 1.02375335221382 1.19437891091613 1.36500446961843 1.53563002832074 1.70625558702304 1.87688114572534 2.04750670442765 2.21813226312995 2.38875782183226 2.55938338053456 2.73000893923686 2.90063449793917 3.07126005664147 3.24188561534377 3.41251117404608 
21 1 2 3 4 5 6 7 8 9 10 11 12 13 14 15 16 17 18 19 20 21 
p 1.27320508155693 1 0 0.1706255587023 0.341251117404599 0.511876676106899 0.682502234809199 0.853127793511499 1.0237533522138 1.1943789109161 1.3650044696184 1.5356300283207 1.706255587023 1.8768811457253 2.0475067044276 2.2181322631299 2.3887578218322 2.5593833805345 2.7300089392368 2.9006344979391 3.0712600566414 3.2418856153437 3.41251117404599 
21 22 23 24 25 26 27 28 29 30 31 32 33 34 35 36 37 38 39 40 41 1 
p 1.27320508155693 1 0 0.1706255587023 0.341251117404599 0.511876676106899 0.682502234809199 0.853127793511499 1.0237533522138 1.1943789109161 1.3650044696184 1.5356300283207 1.706255587023 1.8768811457253 2.0475067044276 2.2181322631299 2.3887578218322 2.5593833805345 2.7300089392368 2.9006344979391 3.0712600566414 3.2418856153437 3.41251117404599 
21 1 2 3 4 5 6 7 8 9 10 11 12 13 14 15 16 17 18 19 20 21 
p 1.27320508155693 1 0 0.1706255587023 0.341251117404601 0.511876676106901 0.682502234809201 0.853127793511501 1.0237533522138 1.1943789109161 1.3650044696184 1.5356300283207 1.706255587023 1.8768811457253 2.0475067044276 2.2181322631299 2.3887578218322 2.5593833805345 2.7300089392368 2.9006344979391 3.0712600566414 3.2418856153437 3.41251117404601 
21 21 42 43 44 45 46 47 48 49 50 51 52 53 54 55 56 57 58 59 60 22 
p 1.27320508155693 1 0 0.1706255587023 0.341251117404601 0.511876676106901 0.682502234809201 0.853127793511501 1.0237533522138 1.1943789109161 1.3650044696184 1.5356300283207 1.706255587023 1.8768811457253 2.0475067044276 2.2181322631299 2.3887578218322 2.5593833805345 2.7300089392368 2.9006344979391 3.0712600566414 3.2418856153437 3.41251117404601 
8 20 21 22 23 24 25 26 5 
p 1.27320508155693 1 0 0.203777651602946 0.407555303205892 0.590955189648543 0.717902799358444 0.841697722707234 0.920848861353617 1 
8 1 15 16 17 18 19 20 12 
p 1.27320508155693 1 0 0.203777651602946 0.407555303205892 0.590955189648543 0.717902799358444 0.841697722707234 0.920848861353617 1 
7 14 15 16 17 18 19 20 
p 1.27320508155693 1 3.82133662224992 3.97345550979209 4.12557439733427 4.27769328487644 4.42981217241862 4.58193105996079 4.73404994750297 
7 68 69 70 71 72 73 74 
p 1.27320508155693 1 3.82133662224992 3.97345550979209 4.12557439733427 4.27769328487644 4.42981217241862 4.58193105996079 4.73404994750297 
2 13 14 
p 1.27320508155693 1 0.987618536297975 1 
2 1 2 
p 1.27320508155693 1 0.987618536297975 1 
4 3 4 5 2 
p 1.27320508155693 1 3.61504381086184 3.61507281998441 3.61510182910698 3.61513083822955 
4 65 66 67 68 
p 1.27320508155693 1 3.61504381086184 3.61507281998441 3.61510182910698 3.61513083822955 
4 1 2 3 4 
p 1.27320508155693 1 4.73404994750297 4.77887802281747 4.82370609813197 4.86853417344648 
4 74 75 76 77 
p 1.27320508155693 1 4.73404994750297 4.77887802281747 4.82370609813197 4.86853417344648 
18 29 30 31 32 33 34 35 36 37 38 39 40 41 42 43 44 45 28 
p 1.27320508155693 1 0 0.166429545145072 0.332859090290144 0.499288635435215 0.665718180580287 0.832147725725359 0.998577270870431 1.1650068160155 1.33143636116057 1.49786590630565 1.66429545145072 1.83072499659579 1.99715454174086 2.16358408688593 2.330013632031 2.49644317717608 2.66287272232115 2.82930226746622 
18 78 79 80 81 82 83 84 85 86 87 88 89 90 91 92 93 94 77 
p 1.27320508155693 1 0 0.166429545145072 0.332859090290144 0.499288635435215 0.665718180580287 0.832147725725359 0.998577270870431 1.1650068160155 1.33143636116057 1.49786590630565 1.66429545145072 1.83072499659579 1.99715454174086 2.16358408688593 2.330013632031 2.49644317717608 2.66287272232115 2.82930226746622 
4 3 4 5 1 
p 1.27320508155693 1 2.66805446895005 2.66808347807261 2.66811248719518 2.66814149631774 
4 103 104 105 55 
p 1.27320508155693 1 2.66805446895005 2.66808347807261 2.66811248719518 2.66814149631774 
11 22 23 24 25 26 27 28 29 30 31 32 
p 1.27320508155693 1 2.27838076352022 2.45102314153413 2.62366551954805 2.79630789756196 2.96895027557588 3.14159265358979 3.31423503160371 3.48687740961762 3.65951978763154 3.83216216564545 4.00480454365937 
11 106 107 108 109 110 111 112 113 114 115 116 
p 1.27320508155693 1 2.27838076352022 2.45102314153413 2.62366551954805 2.79630789756196 2.96895027557588 3.14159265358979 3.31423503160371 3.48687740961762 3.65951978763154 3.83216216564545 4.00480454365937 
4 3 4 5 1 
p 1.27320508155693 1 3.61504381086188 3.61507281998444 3.61510182910701 3.61513083822957 
4 116 117 118 119 
p 1.27320508155693 1 3.61504381086188 3.61507281998444 3.61510182910701 3.61513083822957 
7 1 3 4 5 6 7 8 
p 1.27320508155693 1 3.82133662224989 3.97345550979208 4.12557439733427 4.27769328487646 4.42981217241864 4.58193105996083 4.73404994750302 
7 119 120 121 122 123 124 125 
p 1.27320508155693 1 3.82133662224989 3.97345550979208 4.12557439733427 4.27769328487646 4.42981217241864 4.58193105996083 4.73404994750302 
4 1 2 3 4 
p 1.27320508155693 1 4.73404994750302 4.77887802281752 4.82370609813202 4.86853417344652 
4 125 126 127 128 
p 1.27320508155693 1 4.73404994750302 4.77887802281752 4.82370609813202 4.86853417344652 
18 28 29 30 31 32 33 34 35 36 37 38 39 40 41 42 43 44 22 
p 1.27320508155693 1 0 0.166429545145068 0.332859090290136 0.499288635435204 0.665718180580272 0.832147725725341 0.998577270870409 1.16500681601548 1.33143636116054 1.49786590630561 1.66429545145068 1.83072499659575 1.99715454174082 2.16358408688589 2.33001363203095 2.49644317717602 2.66287272232109 2.82930226746616 
18 129 130 131 132 133 134 135 136 137 138 139 140 141 142 143 144 145 128 
p 1.27320508155693 1 0 0.166429545145068 0.332859090290136 0.499288635435204 0.665718180580272 0.832147725725341 0.998577270870409 1.16500681601548 1.33143636116054 1.49786590630561 1.66429545145068 1.83072499659575 1.99715454174082 2.16358408688589 2.33001363203095 2.49644317717602 2.66287272232109 2.82930226746616 
7 14 15 16 17 18 19 20 
p 1.27320508155693 1 1.62085691775342 1.7744186813482 1.92798044494299 2.08154220853777 2.23510397213256 2.38866573572734 2.54222749932213 
7 129 146 147 148 149 150 151 
p 1.27320508155693 1 1.62085691775342 1.7744186813482 1.92798044494299 2.08154220853777 2.23510397213256 2.38866573572734 2.54222749932213 
4 1 7 8 9 
p 1.27320508155693 1 2.54222749932213 2.58416982253142 2.62611214574072 2.66805446895002 
4 151 152 153 154 
p 1.27320508155693 1 2.54222749932213 2.58416982253142 2.62611214574072 2.66805446895002 
4 3 4 5 1 
p 1.27320508155693 1 2.66805446895002 2.66808347807258 2.66811248719514 2.66814149631771 
4 154 155 156 106 
p 1.27320508155693 1 2.66805446895002 2.66808347807258 2.66811248719514 2.66814149631771 
11 30 31 32 33 34 35 36 37 38 39 40 
p 1.27320508155693 1 4.37277586591347 4.54541824392738 4.71806062194128 4.89070299995518 5.06334537796908 5.23598775598299 5.40863013399689 5.58127251201079 5.75391489002469 5.9265572680386 6.0991996460525 
11 157 158 159 160 161 162 163 164 165 166 167 
p 1.27320508155693 1 4.37277586591347 4.54541824392738 4.71806062194128 4.89070299995518 5.06334537796908 5.23598775598299 5.40863013399689 5.58127251201079 5.75391489002469 5.9265572680386 6.0991996460525 
4 1 3 4 5 
p 1.27320508155693 1 3.61504381086184 3.61507281998441 3.61510182910698 3.61513083822955 
4 167 168 169 170 
p 1.27320508155693 1 3.61504381086184 3.61507281998441 3.61510182910698 3.61513083822955 
7 2 3 4 5 6 7 8 
p 1.27320508155693 1 3.82133662224992 3.97345550979209 4.12557439733427 4.27769328487645 4.42981217241862 4.5819310599608 4.73404994750298 
7 170 171 172 173 174 175 176 
p 1.27320508155693 1 3.82133662224992 3.97345550979209 4.12557439733427 4.27769328487645 4.42981217241862 4.5819310599608 4.73404994750298 
4 1 2 3 4 
p 1.27320508155693 1 4.73404994750298 4.77887802281748 4.82370609813199 4.86853417344649 
4 176 177 178 179 
p 1.27320508155693 1 4.73404994750298 4.77887802281748 4.82370609813199 4.86853417344649 
18 28 29 30 31 32 33 34 35 36 37 38 39 40 41 42 43 44 22 
p 1.27320508155693 1 0 0.166429545145069 0.332859090290137 0.499288635435206 0.665718180580275 0.832147725725343 0.998577270870412 1.16500681601548 1.33143636116055 1.49786590630562 1.66429545145069 1.83072499659575 1.99715454174082 2.16358408688589 2.33001363203096 2.49644317717603 2.6628727223211 2.82930226746617 
18 180 181 182 183 184 185 186 187 188 189 190 191 192 193 194 195 196 179 
p 1.27320508155693 1 0 0.166429545145069 0.332859090290137 0.499288635435206 0.665718180580275 0.832147725725343 0.998577270870412 1.16500681601548 1.33143636116055 1.49786590630562 1.66429545145069 1.83072499659575 1.99715454174082 2.16358408688589 2.33001363203096 2.49644317717603 2.6628727223211 2.82930226746617 
7 1 11 12 13 14 15 16 
p 1.27320508155693 1 1.62085691775344 1.77441868134822 1.927980444943 2.08154220853778 2.23510397213256 2.38866573572735 2.54222749932213 
7 180 197 198 199 200 201 202 
p 1.27320508155693 1 1.62085691775344 1.77441868134822 1.927980444943 2.08154220853778 2.23510397213256 2.38866573572735 2.54222749932213 
4 11 12 13 14 
p 1.27320508155693 1 2.54222749932213 2.58416982253143 2.62611214574074 2.66805446895004 
4 202 203 204 205 
p 1.27320508155693 1 2.54222749932213 2.58416982253143 2.62611214574074 2.66805446895004 
4 1 3 4 5 
p 1.27320508155693 1 2.66805446895004 2.66808347807261 2.66811248719517 2.66814149631774 
4 205 206 207 157 
p 1.27320508155693 1 2.66805446895004 2.66808347807261 2.66811248719517 2.66814149631774 
37 38 39 40 41 42 43 44 45 46 47 48 49 50 51 52 53 54 55 56 57 58 59 60 61 62 63 64 65 66 67 68 69 70 71 72 73 74 
p 1.27320508155693 1 0 0.174532925199433 0.349065850398866 0.523598775598299 0.698131700797732 0.872664625997165 1.0471975511966 1.22173047639603 1.39626340159546 1.5707963267949 1.74532925199433 1.91986217719376 2.0943951023932 2.26892802759263 2.44346095279206 2.61799387799149 2.79252680319093 2.96705972839036 3.14159265358979 3.31612557878922 3.49065850398866 3.66519142918809 3.83972435438752 4.01425727958696 4.18879020478639 4.36332312998582 4.53785605518525 4.71238898038469 4.88692190558412 5.06145483078355 5.23598775598299 5.41052068118242 5.58505360638185 5.75958653158128 5.93411945678072 6.10865238198015 6.28318530717959 
37 208 209 210 211 212 213 214 215 216 217 218 219 220 221 222 223 224 225 226 227 228 229 230 231 232 233 234 235 236 237 238 239 240 241 242 243 208 
p 1.27320508155693 1 0 0.174532925199433 0.349065850398866 0.523598775598299 0.698131700797732 0.872664625997165 1.0471975511966 1.22173047639603 1.39626340159546 1.5707963267949 1.74532925199433 1.91986217719376 2.0943951023932 2.26892802759263 2.44346095279206 2.61799387799149 2.79252680319093 2.96705972839036 3.14159265358979 3.31612557878922 3.49065850398866 3.66519142918809 3.83972435438752 4.01425727958696 4.18879020478639 4.36332312998582 4.53785605518525 4.71238898038469 4.88692190558412 5.06145483078355 5.23598775598299 5.41052068118242 5.58505360638185 5.75958653158128 5.93411945678072 6.10865238198015 6.28318530717959 
19 29 30 31 32 33 34 35 36 37 38 39 40 41 42 43 44 45 46 28 
p 1.27320508155693 1 0 0.166114438680615 0.332228877361229 0.498343316041844 0.664457754722458 0.830572193403073 0.996686632083687 1.1628010707643 1.32891550944492 1.49502994812553 1.66114438680615 1.82725882548676 1.99337326416737 2.15948770284799 2.3256021415286 2.49171658020922 2.65783101888983 2.82394545757045 2.99005989625106 
19 1 2 3 4 5 6 7 8 9 10 11 12 13 14 15 16 17 18 19 
p 1.27320508155693 1 0 0.166114438680615 0.332228877361229 0.498343316041844 0.664457754722458 0.830572193403073 0.996686632083687 1.1628010707643 1.32891550944492 1.49502994812553 1.66114438680615 1.82725882548676 1.99337326416737 2.15948770284799 2.3256021415286 2.49171658020922 2.65783101888983 2.82394545757045 2.99005989625106 
19 28 29 30 31 32 33 34 35 36 37 38 39 40 41 42 43 44 45 22 
p 1.27320508155693 1 0 0.166114438680615 0.332228877361229 0.498343316041844 0.664457754722458 0.830572193403073 0.996686632083688 1.1628010707643 1.32891550944492 1.49502994812553 1.66114438680615 1.82725882548676 1.99337326416738 2.15948770284799 2.3256021415286 2.49171658020922 2.65783101888983 2.82394545757045 2.99005989625106 
19 20 21 22 23 24 25 26 27 28 29 30 31 32 33 34 35 36 37 1 
p 1.27320508155693 1 0 0.166114438680615 0.332228877361229 0.498343316041844 0.664457754722458 0.830572193403073 0.996686632083688 1.1628010707643 1.32891550944492 1.49502994812553 1.66114438680615 1.82725882548676 1.99337326416738 2.15948770284799 2.3256021415286 2.49171658020922 2.65783101888983 2.82394545757045 2.99005989625106 
19 29 30 31 32 33 34 35 36 37 38 39 40 41 42 43 44 45 46 28 
p 1.27320508155693 1 0 0.166114438680614 0.332228877361228 0.498343316041843 0.664457754722457 0.830572193403071 0.996686632083685 1.1628010707643 1.32891550944491 1.49502994812553 1.66114438680614 1.82725882548676 1.99337326416737 2.15948770284798 2.3256021415286 2.49171658020921 2.65783101888983 2.82394545757044 2.99005989625106 
19 19 38 39 40 41 42 43 44 45 46 47 48 49 50 51 52 53 54 20 
p 1.27320508155693 1 0 0.166114438680614 0.332228877361228 0.498343316041843 0.664457754722457 0.830572193403071 0.996686632083685 1.1628010707643 1.32891550944491 1.49502994812553 1.66114438680614 1.82725882548676 1.99337326416737 2.15948770284798 2.3256021415286 2.49171658020921 2.65783101888983 2.82394545757044 2.99005989625106 
8 21 22 23 24 25 26 27 28 
p 1.27320508155693 1 0 0.13979049187951 0.279580983759021 0.398914260481008 0.538704752360518 0.695969055724968 0.847984527862484 1 
8 5 6 7 8 9 10 11 4 
p 1.27320508155693 1 0 0.13979049187951 0.279580983759021 0.398914260481008 0.538704752360518 0.695969055724968 0.847984527862484 1 
9 17 21 22 23 24 25 26 27 2 
p 1.27320508155693 1 0 0.129428784997488 0.258857569994977 0.388286354992465 0.517715139989954 0.647143924987442 0.77657270998493 0.882815794472643 0.989058878960356 
9 12 34 35 36 37 38 39 40 33 
p 1.27320508155693 1 0 0.129428784997488 0.258857569994977 0.388286354992465 0.517715139989954 0.647143924987442 0.77657270998493 0.882815794472643 0.989058878960356 
2 3 2 
p 1.27320508155693 1 0 0.0145152875900301 
2 32 33 
p 1.27320508155693 1 0 0.0145152875900301 
2 1 2 
p 1.27320508155693 1 0 0.0185983517434433 
2 22 18 
p 1.27320508155693 1 0 0.0185983517434433 
5 10 11 12 13 6 
p 1.27320508155693 1 0.0153504580530607 0.203026382853498 0.390702307653936 0.550574391743197 0.710446475832459 
5 18 19 20 21 13 
p 1.27320508155693 1 0.0153504580530607 0.203026382853498 0.390702307653936 0.550574391743197 0.710446475832459 
6 25 26 27 28 29 6 
p 1.27320508155693 1 0.412504169375243 0.555265656217059 0.698027143058875 0.828724036946439 0.91436201847322 1 
6 13 14 15 16 17 1 
p 1.27320508155693 1 0.412504169375243 0.555265656217059 0.698027143058875 0.828724036946439 0.91436201847322 1 
9 17 21 22 23 24 25 26 27 1 
p 1.27320508155693 1 0 0.129428784998436 0.258857569996872 0.388286354995309 0.517715139993745 0.647143924992181 0.776572709990617 0.882815791879936 0.989058873769255 
9 1 2 3 4 5 6 7 8 9 
p 1.27320508155693 1 0 0.129428784998436 0.258857569996872 0.388286354995309 0.517715139993745 0.647143924992181 0.776572709990617 0.882815791879936 0.989058873769255 
2 1 2 
p 1.27320508155693 1 0 0.014515294592118 
2 40 9 
p 1.27320508155693 1 0 0.014515294592118 
2 5 2 
p 1.27320508155693 1 0 0.0185983517844726 
2 30 26 
p 1.27320508155693 1 0 0.0185983517844726 
5 1 2 3 4 5 
p 1.27320508155693 1 0.0153504580871269 0.203026382568538 0.390702307049949 0.550574390867447 0.710446474684946 
5 26 27 28 29 21 
p 1.27320508155693 1 0.0153504580871269 0.203026382568538 0.390702307049949 0.550574390867447 0.710446474684946 
6 17 23 24 25 26 27 
p 1.27320508155693 1 0.412504168511692 0.555265655563351 0.69802714261501 0.828724036790717 0.914362018395358 1 
6 21 22 23 24 25 10 
p 1.27320508155693 1 0.412504168511692 0.555265655563351 0.69802714261501 0.828724036790717 0.914362018395358 1 
2 38 1 
p 1.27320508155693 1 0 30 
2 74 37 
p 1.27320508155693 1 0 30 
8 21 22 23 24 25 26 27 28 
p 1.27320508155693 1 0 0.154544503104591 0.309089006209181 0.463633509313772 0.618178012418363 0.772722515522954 0.886361257761477 1 
8 1 47 48 49 50 51 52 29 
p 1.27320508155693 1 0 0.154544503104591 0.309089006209181 0.463633509313772 0.618178012418363 0.772722515522954 0.886361257761477 1 
7 29 47 48 49 50 51 1 
p 1.27320508155693 1 0 0.198172871192181 0.396345742384362 0.594518613576543 0.772874197649506 0.886437098824753 1 
7 22 23 24 25 26 27 21 
p 1.27320508155693 1 0 0.198172871192181 0.396345742384362 0.594518613576543 0.772874197649506 0.886437098824753 1 
8 1 46 47 48 49 50 51 28 
p 1.27320508155693 1 0 0.154544175264999 0.309088350529998 0.463632525794997 0.618176701059996 0.772720876324995 0.886360438162497 1 
8 21 22 23 24 25 26 27 28 
p 1.27320508155693 1 0 0.154544175264999 0.309088350529998 0.463632525794997 0.618176701059996 0.772720876324995 0.886360438162497 1 
2 2 5 
p 1.27320508155693 1 0.987618776150722 1 
2 1 2 
p 1.27320508155693 1 0.987618776150722 1 
2 2 3 
p 1.27320508155693 1 0.987563167635871 1 
2 10 9 
p 1.27320508155693 1 0.987563167635871 1 
6 1 2 3 4 5 6 
p 1.27320508155693 1 0 0.108343183157032 0.216686366314063 0.325029549471095 0.410212952963786 0.495396356456477 
6 20 21 22 23 24 25 
p 1.27320508155693 1 0 0.108343183157032 0.216686366314063 0.325029549471095 0.410212952963786 0.495396356456477 
9 1 7 8 9 10 11 12 13 14 
p 1.27320508155693 1 0 0.147673750151391 0.244144103203298 0.354899415816841 0.465654728430384 0.576410041043926 0.724083791195317 0.862041895597658 1 
9 1 45 46 47 48 49 50 51 28 
p 1.27320508155693 1 0 0.147673750151391 0.244144103203298 0.354899415816841 0.465654728430384 0.576410041043926 0.724083791195317 0.862041895597658 1 
7 22 23 24 25 26 27 21 
p 1.27320508155693 1 0 0.204509259175391 0.409018518350782 0.613527777526173 0.731099848464329 0.865549924232165 1 
7 4 5 6 7 8 9 10 
p 1.27320508155693 1 0 0.204509259175391 0.409018518350782 0.613527777526173 0.731099848464329 0.865549924232165 1 
9 11 14 15 16 17 18 19 20 1 
p 1.27320508155693 1 0 0.111918902819251 0.223837805638502 0.325695727815316 0.449297562701461 0.588349626948375 0.712821168640219 0.85641058432011 1 
9 9 10 11 12 13 14 15 16 8 
p 1.27320508155693 1 0 0.111918902819251 0.223837805638502 0.325695727815316 0.449297562701461 0.588349626948375 0.712821168640219 0.85641058432011 1 
2 1 2 
p 1.27320508155693 1 0 0.0123811729546065 
2 1 2 
p 1.27320508155693 1 0 0.0123811729546065 
2 1 2 
p 1.27320508155693 1 0 0.012436817127075 
2 14 1 
p 1.27320508155693 1 0 0.012436817127075 
7 5 6 7 8 9 10 11 
p 1.27320508155693 1 0.50457216591157 0.587143471592975 0.66971477727438 0.752286082955785 0.83485738863719 0.917428694318595 1 
7 17 18 19 20 21 22 16 
p 1.27320508155693 1 0.50457216591157 0.587143471592975 0.66971477727438 0.752286082955785 0.83485738863719 0.917428694318595 1 
10 1 2 3 4 5 6 7 8 9 10 
p 1.27320508155693 1 0 0.197729269839623 0.324851145184711 0.451973020529799 0.563195734814587 0.674418449099374 0.784000715440373 0.891966729160216 0.945983364580108 1 
10 28 45 46 47 48 49 50 51 52 1 
p 1.27320508155693 1 0 0.197729269839623 0.324851145184711 0.451973020529799 0.563195734814587 0.674418449099374 0.784000715440373 0.891966729160216 0.945983364580108 1 
7 22 23 24 25 26 27 21 
p 1.27320508155693 1 0 0.204508652957489 0.409017305914978 0.613525958872467 0.730487071609568 0.865243535804784 1 
7 4 5 6 7 8 9 10 
p 1.27320508155693 1 0 0.204508652957489 0.409017305914978 0.613525958872467 0.730487071609568 0.865243535804784 1 
9 11 14 15 16 17 18 19 20 1 
p 1.27320508155693 1 0 0.111918902821227 0.223837805642455 0.325695727819598 0.449297562704364 0.588349626949725 0.712821168641525 0.856410584320762 1 
9 9 10 11 12 13 14 15 16 8 
p 1.27320508155693 1 0 0.111918902821227 0.223837805642455 0.325695727819598 0.449297562704364 0.588349626949725 0.712821168641525 0.856410584320762 1 
Surfaces 26
10 3.5251736430310459 9.8083589502106321 -2e+100 2e+100
2 0 0 0 0 0 1 1 0 -0 -0 1 0 60
10 0 6.2831853071795862 0 58.309518948453004
6 -0.74261065723250586 0.42874646285627194 0.51449575542752657 
2 -24.999999999999989 -43.301270189221938 0 0 0 1 -0.49999999999999983 -0.86602540378443882 0 0.86602540378443882 -0.49999999999999983 0 100
10 0 6.2831853071795862 0 58.309518948453004
6 -0.74261065723250586 0.42874646285627194 0.51449575542752657 
2 -24.999999999999989 -43.301270189221938 0 0 0 1 -0.49999999999999983 -0.86602540378443882 0 0.86602540378443882 -0.49999999999999983 0 100
10 0 6.2831853071795862 0 58.309518948453004
6 0 -0.85749292571254421 0.51449575542752657 
2 50 0 0 0 0 -1 1 0 0 0 -1 0 90
10 0 6.2831853071795862 0 58.309518948453004
6 -0.74261065723250586 0.42874646285627194 0.51449575542752657 
2 -24.999999999999989 -43.301270189221938 0 0 0 1 -0.49999999999999983 -0.86602540378443882 0 0.86602540378443882 -0.49999999999999983 0 100
10 3.6687177173691419 9.9519030245487272 -2e+100 2e+100
6 0 -0.85749292571254421 0.51449575542752657 
2 50 0 0 0 0 -1 1 0 0 0 -1 0 90
1 0 0 30 0 0 1 1 0 -0 -0 1 0 
10 0 6.2831853071795862 0 58.309518948453004
6 0 -0.85749292571254421 0.51449575542752657 
2 50 0 0 0 0 -1 1 0 0 0 -1 0 90
2 0 0 0 0 0 1 1 0 -0 -0 1 0 60
10 0 6.2831853071795862 0 58.309518948453004
6 0.74261065723250586 0.42874646285627194 0.51449575542752657 
2 -24.999999999999989 43.301270189221938 0 0 0 -1 -0.49999999999999983 0.86602540378443882 0 0.86602540378443882 0.49999999999999983 0 90
10 0 6.2831853071795862 0 58.309518948453004
6 0.74261065723250586 0.42874646285627194 0.51449575542752657 
2 -24.999999999999989 43.301270189221938 0 0 0 -1 -0.49999999999999983 0.86602540378443882 0 0.86602540378443882 0.49999999999999983 0 90
10 3.668717717369153 9.9519030245487397 -2e+100 2e+100
6 0.74261065723250586 0.42874646285627194 0.51449575542752657 
2 -24.999999999999989 43.301270189221938 0 0 0 -1 -0.49999999999999983 0.86602540378443882 0 0.86602540378443882 0.49999999999999983 0 90
10 0 6.2831853071795862 0 58.309518948453004
6 0 -0.85749292571254421 0.51449575542752657 
2 50 0 0 0 0 1 1 0 0 0 1 0 100
10 0 6.2831853071795862 0 58.309518948453004
6 -0.74261065723250586 0.42874646285627194 0.51449575542752657 
2 -24.999999999999989 -43.301270189221938 0 -0 0 -1 -0.49999999999999983 -0.86602540378443882 0 -0.86602540378443882 0.49999999999999983 0 90
10 0 6.2831853071795862 0 58.309518948453004
6 -0.74261065723250586 0.42874646285627194 0.51449575542752657 
2 -24.999999999999989 -43.301270189221938 0 -0 0 -1 -0.49999999999999983 -0.86602540378443882 0 -0.86602540378443882 0.49999999999999983 0 90
10 3.6687177173691436 9.9519030245487308 -2e+100 2e+100
6 -0.74261065723250586 0.42874646285627194 0.51449575542752657 
2 -24.999999999999989 -43.301270189221938 0 -0 0 -1 -0.49999999999999983 -0.86602540378443882 0 -0.86602540378443882 0.49999999999999983 0 90
10 0 6.2831853071795862 0 58.309518948453004
6 0.74261065723250586 0.42874646285627194 0.51449575542752657 
2 -24.999999999999989 43.301270189221938 0 0 0 1 -0.49999999999999983 0.86602540378443882 0 -0.86602540378443882 -0.49999999999999983 0 100
2 0 0 0 0 0 1 1 0 -0 -0 1 0 40
10 2.6432807524423145 8.9264660596219016 -2e+100 2e+100
6 0 -0.85749292571254421 0.51449575542752657 
2 50 0 0 0 0 1 1 0 0 0 1 0 100
10 2.6432807524423323 8.9264660596219194 -2e+100 2e+100
6 0.74261065723250586 0.42874646285627194 0.51449575542752657 
2 -24.999999999999989 43.301270189221938 0 0 0 1 -0.49999999999999983 0.86602540378443882 0 -0.86602540378443882 -0.49999999999999983 0 100
10 2.643280752442327 8.9264660596219123 -2e+100 2e+100
6 -0.74261065723250586 0.42874646285627194 0.51449575542752657 
2 -24.999999999999989 -43.301270189221938 0 0 0 1 -0.49999999999999983 -0.86602540378443882 0 0.86602540378443882 -0.49999999999999983 0 100
1 0 0 0 0 0 1 1 0 -0 -0 1 0 
10 0 6.2831853071795862 0 58.309518948453004
6 0 -0.85749292571254421 0.51449575542752657 
2 50 0 0 0 0 1 1 0 0 0 1 0 100
10 0 6.2831853071795862 0 58.309518948453004
6 0 -0.85749292571254421 0.51449575542752657 
2 50 0 0 0 0 1 1 0 0 0 1 0 100
10 0 6.2831853071795862 0 58.309518948453004
6 0.74261065723250586 0.42874646285627194 0.51449575542752657 
2 -24.999999999999989 43.301270189221938 0 0 0 1 -0.49999999999999983 0.86602540378443882 0 -0.86602540378443882 -0.49999999999999983 0 100
10 0 6.2831853071795862 0 58.309518948453004
6 0.74261065723250586 0.42874646285627194 0.51449575542752657 
2 -24.999999999999989 43.301270189221938 0 0 0 1 -0.49999999999999983 0.86602540378443882 0 -0.86602540378443882 -0.49999999999999983 0 100
Triangulations 30
40 38 1 1.27320508155693
54.112517554012 -25.9197886559042 14.3699405345627 57.7831062463555 -16.1589799519532 10.7759246402623 59.6949014529128 -6.04307380525873 7.11604520084254 59.9512037274734 2.4193328781034 3.8551074750168 59.1146448065556 10.2693120214926 0.355416035503497 58.9873397432639 10.9769645172387 0 56.2247613437159 20.9469857459777 0 51.790540158189 30.2942230486773 0 45.8165119415907 38.7407696555719 0 38.4802931200798 46.0354976229511 0 30 51.9615242270663 0 20.6277638572938 56.3426601985363 0 10.6422347130912 59.0486480819966 0 0.340296668972053 59.9990349770485 0 -9.97175888313081 59.1655645183641 0 -19.9873397432629 56.5730169779494 0 -19.323531879345 56.8031787465097 0.355416320803352 44.8526858652422 39.8526858652443 30 38.5339992229901 45.9905523331509 25.9656452379394 31.1538156628195 51.2780632443463 22.0359619868982 22.8521363910194 55.477742046587 18.1980870762876 13.8523871346464 58.3790319454958 14.4256497989579 4.4576104073027 59.8341851268765 10.6754555689842 -4.95825875752494 59.7947796296466 6.88587682950084 -12.4040754307414 58.703823675179 3.68867203416959 50.9475900628447 31.6913721190536 30 55.5741436844528 22.6166875059058 30 58.5990057287206 12.8901717446034 30 59.934997235475 2.79215085258722 30 59.5436138535574 -7.38634207564505 30 57.4361355672333 -17.3519546767042 30 53.6733015979615 -26.8174699696721 30 48.3635598511156 -35.5100841808008 30 41.6599413600132 -43.1792691679729 30 33.7556498082931 -49.603992843519 30 24.878493244157 -54.5990894969913 30 48.7798192144994 -34.9360735830892 18.0127251212065 42.0729073044021 -42.7769852967672 21.7327675676825 35.0090913401582 -48.7274411708213 25.2376483221813 30.0364640184155 -51.9404546477473 27.5937409364748 5.83648000512424 14.3699405299554 6.01050224320748 10.7759246411478 6.18229634662998 7.11604520432225 6.32351845640032 3.85510747723069 6.45518735884736 0.355416033966598 6.46717096830667 0 6.63981334632057 0 6.81245572433448 0 6.98509810234838 0 7.15774048036228 0 7.33038285837618 0 7.50302523639009 0 7.67566761440399 0 7.84830999241789 0 8.02095237043179 0 8.19359474844572 0 8.18188505430441 0.355416313816552 7.00962375164309 30 7.15657328700846 25.9656452379394 7.30803159462058 22.0359619868982 7.46324574789037 18.1980870762876 7.62100668436518 14.4256497989579 7.77961961287941 10.6754555689842 7.9367136251857 6.88587682950084 8.06221790018632 3.68867203416959 6.83965230556608 30 6.66968085948906 30 6.49970941341205 30 6.32973796733504 30 6.15976652125803 30 5.98979507518102 30 5.819823629104 30 5.64985218302699 30 5.47988073694998 30 5.30990929087297 30 5.13993784479597 30 5.6616698473485 18.0127251212065 5.48948940996085 21.7327675676825 5.33540212878478 25.2376483221813 5.23668964868355 27.5937409364748 35 40 39 35 36 40 34 39 38 34 35 39 33 38 37 33 34 38 32 37 1 32 33 37 31 1 2 31 32 1 30 2 3 30 31 2 29 3 4 29 30 3 28 4 5 28 5 6 28 6 7 28 29 4 27 7 8 27 28 7 26 8 9 26 27 8 18 26 9 19 9 10 19 18 9 20 10 11 20 19 10 21 20 11 21 11 12 22 21 12 22 12 13 23 22 13 23 13 14 24 23 14 15 24 14 25 24 15 17 25 15 16 17 15 
13 11 1 0.102604739199739
65.1387818865998 -3.05533376376843e-13 0 64.5613514564277 -6.61091589131639 3.07192263320946 62.8601989454259 -12.9243196312175 6.16812538683132 60.1272519120106 -18.6581560893281 9.30933420143961 57.348274311154 -22.595236157878 11.8200084107976 54.112517554012 -25.9197886559042 14.3699405345627 63.2438858754609 3.74144025138326 0 61.1937776400884 7.40013705092279 0 58.992063117098 10.9696551146054 0 59.1146448065556 10.2693120214926 0.355416035503497 57.7831062463555 -16.1589799519532 10.7759246402623 59.6949014529128 -6.04307380525873 7.11604520084254 59.9512037274734 2.4193328781034 3.8551074750168 2.54222749932212 0 2.44269915428383 5.97074436631029 2.34952226862536 11.9886808039958 2.26406130702337 18.0940933005441 2.2031697480286 22.9739668133426 2.14848678730199 27.9301440024578 2.58416982253143 0 2.62611214574074 0 2.66805446895002 0 2.65623483601163 0.690804597488194 2.27703229218085 20.9446327274099 2.41304171241909 13.8311057581408 2.53344551794555 7.49298208335416 11 4 3 11 5 4 11 6 5 12 3 2 12 11 3 13 2 1 13 1 7 13 12 2 8 13 7 10 13 8 9 10 8 
5 3 1 0.00165731568833271
58.9873397432639 10.9769645172387 0 59.1146448065556 10.2693120214926 0.355416035503497 58.992063117098 10.9696551146054 0 58.9904887298327 10.9720916278227 0 58.9889142718877 10.974528095368 0 2.66814149631774 0 2.65623483604147 0.690804691345526 2.66805446895005 0 2.66808347807261 0 2.66811248719518 0 1 2 5 5 2 4 4 2 3 
243 249 1 1.27320508155693
57.5693909432998 99.713110074591 0 73.9529114232529 97.0889181850833 0 89.6769935772361 91.7918088974826 0 104.308743790364 83.9676148756922 0 117.445341015289 73.8317409745383 0 128.725126682417 61.6632340121515 0 137.837561381895 47.7971004401081 0 144.531774203814 32.6150834105807 0 148.62346936805 16.5351531534879 0 150 -3.10862446895044e-14 0 148.62346936805 -16.535153153488 0 144.531774203814 -32.6150834105808 0 137.837561381895 -47.7971004401081 0 128.725126682417 -61.6632340121515 0 117.445341015289 -73.8317409745384 0 104.308743790364 -83.9676148756922 0 89.6769935772361 -91.7918088974826 0 73.9529114232529 -97.0889181850833 0 57.5693909432998 -99.713110074591 0 -115.1387818866 -3.62376795237651e-13 0 -121.057925285857 15.5006408838155 0 -124.332535153164 31.7666501241589 0 -124.87245947272 48.3502145214515 0 -122.662833797227 64.7947783880977 0 -117.764490475237 80.6476128062675 0 -110.312283899318 95.472279532364 0 -100.511377882018 108.860646409249 0 -88.6315973704121 120.444123494566 0 -75.0000000000002 129.903810567666 0 -59.9918719976382 136.979276648054 0 -44.0203963217958 141.47572981983 0 -27.5252774825778 143.269379972472 0 -10.9606362071809 142.310846818419 0 5.21749278193782 138.626519362636 0 20.5637156823553 132.317829397144 0 34.6555415759283 123.558459021642 0 47.1050138626046 112.589559068899 0 47.1050138626046 -112.589559068899 0 34.6555415759283 -123.558459021642 0 20.5637156823553 -132.317829397144 0 5.2174927819379 -138.626519362636 0 -10.9606362071808 -142.310846818419 0 -27.5252774825776 -143.269379972472 0 -44.0203963217956 -141.47572981983 0 -59.991871997638 -136.979276648054 0 -74.9999999999999 -129.903810567666 0 -88.6315973704118 -120.444123494566 0 -100.511377882018 -108.860646409249 0 -110.312283899317 -95.4722795323643 0 -117.764490475236 -80.6476128062679 0 -122.662833797227 -64.7947783880982 0 -124.87245947272 -48.3502145214521 0 -124.332535153164 -31.7666501241595 0 -121.057925285858 -15.5006408838161 0 58.9873397432639 10.9769645172387 0 56.2247613437159 20.9469857459777 0 51.790540158189 30.2942230486773 0 45.8165119415907 38.7407696555719 0 38.4802931200798 46.0354976229511 0 30 51.9615242270663 0 20.6277638572938 56.3426601985363 0 10.6422347130912 59.0486480819966 0 0.340296668972053 59.9990349770485 0 -9.97175888313081 59.1655645183641 0 -19.9873397432629 56.5730169779494 0 -19.9902370108095 56.5731623488012 0 -19.9931342825719 56.5733076356062 0 -19.9960315585478 56.5734528383647 0 -10.6149936862283 66.5268557833489 0 0.165981901679061 74.9437831989834 0 12.0979024491165 81.6298413648055 0 24.9051934723147 86.4306119690127 0 38.2920633090543 89.2352184871019 0 51.9493345951481 89.9788869381935 0 55.9796057792498 89.8011376026204 0 59.997862620829 89.4429580403904 0 63.9960315585473 88.9050679129839 0 63.9960315585472 -88.905067912984 0 78.530859314615 -85.3580111458184 0 92.277239134864 -79.4520928052467 0 104.855290950673 -71.3505224558098 0 115.917421341127 -61.2771863235925 0 125.157929248438 -49.5104602188947 0 132.321454001372 -36.3755166437531 0 137.210032186267 -22.2353386767607 0 139.688568349584 -7.48068896573123 0 139.688568349584 7.48068896573116 0 137.210032186267 22.2353386767606 0 132.321454001372 36.3755166437531 0 125.157929248438 49.5104602188946 0 115.917421341128 61.2771863235925 0 104.855290950673 71.3505224558097 0 92.2772391348641 79.4520928052466 0 78.5308593146151 85.3580111458183 0 69.9242834969345 -74.7556880441689 0 73.6185007602585 -59.8660312137251 0 74.9917402696848 -44.5865241874243 0 74.0116829539684 -29.2767688211575 0 70.701394375958 -14.2970788628401 0 65.1387818865998 -3.05533376376843e-13 0 63.2438858754609 3.74144025138326 0 61.1937776400884 7.40013705092279 0 58.992063117098 10.9696551146054 0 58.9904887298327 10.9720916278227 0 58.9889142718877 10.974528095368 0 -38.9999999999987 45.5960524607136 0 -46.2530024605832 38.2185787723887 0 -52.13083682716 29.7048119283731 0 -56.4587466546814 20.3078784264261 0 -59.1080569773736 10.3071625755859 0 -60 -1.92974717961196e-14 0 -59.1080569773736 -10.3071625755859 0 -56.4587466546814 -20.3078784264261 0 -52.13083682716 -29.7048119283732 0 -46.2530024605832 -38.2185787723888 0 -38.9999999999987 -45.5960524607136 0 -38.998677261077 -45.5986342534364 0 -38.9973544472599 -45.6012160077863 0 -38.9960315585487 -45.6037977237615 0 -52.3064502991686 -42.4562820849599 0 -64.9862110568725 -37.3281470560692 0 -76.7424675533744 -30.3378298289613 0 -87.3037023659593 -21.6467757513139 0 -96.4259977766141 -11.4557096545853 0 -103.898669190297 4.89563944938709e-12 0 -105.759869342238 3.57919189736218 0 -107.45880516302 7.23819418221532 0 -108.992063117098 10.9696551146053 0 44.9960315585502 99.8747230275855 0 34.6567764114857 110.688724720388 0 22.6689111857498 119.640479684508 0 9.36371954468647 126.482606912396 0 -4.89111064190029 131.026024784397 0 -19.7016483215972 133.14517632365 0 -34.6586055114116 132.781498952759 0 -49.3486479373073 129.945042865768 0 -63.3658174926577 124.714193291885 0 -76.3227508569238 117.233504326154 0 -87.8613842489576 107.709704189009 0 -97.6628484899586 96.4059823090077 0 -105.45628092684 83.6347161047579 0 -111.026310699226 69.7488384608073 0 -114.219010495359 55.1320844565897 0 -114.946150320615 40.1883868792641 0 -113.187635726102 25.330713574573 0 29.7781831751668 97.9340498718545 0 15.0362534747081 93.6885074537701 0 1.11719247791576 87.2380142412633 0 -11.6514159371381 78.7343820255547 0 -22.9690636928503 68.3777430439815 0 -32.5693909432999 56.4118398853689 0 -34.8621252421696 52.9000916765021 0 -37.0055954976288 49.295297464393 0 -38.9960315585487 45.6037977237615 0 -38.9973544472599 45.6012160077864 0 -38.998677261077 45.5986342534364 0 -19.987339743263 -56.5730169779494 0 -9.97175888313093 -59.1655645183641 0 0.340296668971931 -59.9990349770485 0 10.642234713091 -59.0486480819966 0 20.6277638572937 -56.3426601985363 0 29.9999999999999 -51.9615242270664 0 38.4802931200797 -46.0354976229512 0 45.8165119415906 -38.740769655572 0 51.7905401581889 -30.2942230486774 0 56.2247613437158 -20.9469857459778 0 58.9873397432638 -10.9769645172389 0 58.9889142718879 -10.9745280953677 0 58.9904887298332 -10.9720916278221 0 58.9920631170986 -10.9696551146043 0 62.921443985398 -24.0705736983893 0 64.8202291551935 -37.6156361429144 0 64.6445651042571 -51.292011535844 0 62.3985088936429 -64.7838362176978 0 58.1339344675576 -77.7795088325146 0 51.9493345951482 -89.9788869381934 0 49.7802635629858 -93.3803294999796 0 47.4609425421886 -96.6811522226027 0 44.9960315585503 -99.8747230275854 0 -108.992063117099 -10.9696551146044 0 -113.187635726102 -25.3307135745724 0 -114.946150320615 -40.1883868792635 0 -114.219010495359 -55.1320844565891 0 -111.026310699226 -69.7488384608069 0 -105.45628092684 -83.6347161047575 0 -97.6628484899589 -96.4059823090073 0 -87.8613842489578 -107.709704189009 0 -76.3227508569241 -117.233504326154 0 -63.3658174926579 -124.714193291885 0 -49.3486479373075 -129.945042865768 0 -34.6586055114118 -132.781498952759 0 -19.7016483215973 -133.14517632365 0 -4.89111064190039 -131.026024784397 0 9.36371954468641 -126.482606912396 0 22.6689111857498 -119.640479684508 0 34.6567764114857 -110.688724720388 0 -99.7024666721004 -23.1783618276878 0 -88.6547542349656 -33.8224762400467 0 -76.1089327475997 -42.6514900538402 0 -62.3602670168297 -49.457613204398 0 -47.7323306831073 -54.080664181142 0 -32.5693909432999 -56.411839885369 0 -28.3817606332911 -56.6415319278846 0 -24.1881821424592 -56.6954345153141 0 -19.9960315585478 -56.5734528383647 0 -19.993134282572 -56.5733076356062 0 -19.9902370108096 -56.5731623488012 0 40 -9.79717439317883e-15 0 39.3923101204883 6.94592710667721 0 37.5877048314363 13.6808057330267 0 34.6410161513775 20 0 30.6417777247591 25.7115043874616 0 25.7115043874616 30.6417777247591 0 20 34.6410161513775 0 13.6808057330268 37.5877048314363 0 6.94592710667722 39.3923101204883 0 2.44929359829471e-15 40 0 -6.94592710667721 39.3923101204883 0 -13.6808057330267 37.5877048314363 0 -20 34.6410161513775 0 -25.7115043874616 30.6417777247591 0 -30.6417777247591 25.7115043874616 0 -34.6410161513775 20 0 -37.5877048314363 13.6808057330268 0 -39.3923101204883 6.94592710667726 0 -40 5.81892923785969e-14 0 -39.3923101204883 -6.94592710667715 0 -37.5877048314364 -13.6808057330267 0 -34.6410161513776 -19.9999999999999 0 -30.6417777247592 -25.7115043874615 0 -25.7115043874616 -30.6417777247591 0 -20.0000000000001 -34.6410161513775 0 -13.6808057330268 -37.5877048314363 0 -6.94592710667732 -39.3923101204883 0 -1.13929291158899e-13 -40 0 6.94592710667709 -39.3923101204883 0 13.6808057330266 -37.5877048314364 0 19.9999999999999 -34.6410161513776 0 25.7115043874615 -30.6417777247592 0 30.641777724759 -25.7115043874617 0 34.6410161513775 -20.0000000000001 0 37.5877048314363 -13.6808057330269 0 39.3923101204883 -6.94592710667739 0 57.5693909432998 99.713110074591 73.9529114232529 97.0889181850833 89.6769935772361 91.7918088974826 104.308743790364 83.9676148756922 117.445341015289 73.8317409745383 128.725126682417 61.6632340121515 137.837561381895 47.7971004401081 144.531774203814 32.6150834105807 148.62346936805 16.535153153488 150 -2.8421709430404e-14 148.62346936805 -16.535153153488 144.531774203814 -32.6150834105808 137.837561381895 -47.7971004401081 128.725126682417 -61.6632340121515 117.445341015289 -73.8317409745384 104.308743790364 -83.9676148756922 89.6769935772361 -91.7918088974826 73.9529114232529 -97.0889181850833 57.5693909432998 -99.713110074591 -115.1387818866 -3.12638803734444e-13 -121.057925285857 15.5006408838155 -124.332535153164 31.7666501241589 -124.87245947272 48.3502145214516 -122.662833797227 64.7947783880977 -117.764490475236 80.6476128062675 -110.312283899318 95.472279532364 -100.511377882018 108.860646409249 -88.6315973704121 120.444123494566 -75.0000000000001 129.903810567666 -59.9918719976382 136.979276648054 -44.0203963217958 141.47572981983 -27.5252774825778 143.269379972472 -10.960636207181 142.310846818419 5.21749278193782 138.626519362636 20.5637156823553 132.317829397144 34.6555415759283 123.558459021642 47.1050138626046 112.589559068899 47.1050138626046 -112.589559068899 34.6555415759283 -123.558459021642 20.5637156823553 -132.317829397144 5.21749278193791 -138.626519362636 -10.9606362071808 -142.310846818419 -27.5252774825776 -143.269379972472 -44.0203963217956 -141.47572981983 -59.991871997638 -136.979276648054 -74.9999999999999 -129.903810567666 -88.6315973704118 -120.444123494566 -100.511377882018 -108.860646409249 -110.312283899317 -95.4722795323644 -117.764490475236 -80.6476128062679 -122.662833797227 -64.7947783880982 -124.87245947272 -48.3502145214521 -124.332535153164 -31.7666501241595 -121.057925285858 -15.5006408838161 58.9873397432636 10.9769645172385 56.2247613437159 20.9469857459777 51.790540158189 30.2942230486773 45.8165119415907 38.7407696555719 38.4802931200798 46.0354976229511 30 51.9615242270663 20.6277638572938 56.3426601985363 10.6422347130912 59.0486480819966 0.340296668972059 59.9990349770485 -9.9717588831308 59.1655645183641 -19.9873397432629 56.573016977949 -19.9902370108095 56.5731623488012 -19.9931342825719 56.5733076356061 -19.9960315585483 56.5734528383651 -10.6149936862283 66.5268557833489 0.165981901679061 74.9437831989834 12.0979024491165 81.6298413648055 24.9051934723147 86.4306119690127 38.2920633090543 89.2352184871019 51.949334595148 89.9788869381932 55.9796057792498 89.8011376026204 59.997862620829 89.4429580403904 63.9960315585472 88.9050679129832 63.9960315585484 -88.9050679129845 78.530859314615 -85.3580111458184 92.277239134864 -79.4520928052467 104.855290950673 -71.3505224558098 115.917421341127 -61.2771863235926 125.157929248438 -49.5104602188947 132.321454001372 -36.3755166437532 137.210032186267 -22.2353386767607 139.688568349584 -7.48068896573125 139.688568349584 7.48068896573116 137.210032186267 22.2353386767606 132.321454001372 36.3755166437531 125.157929248438 49.5104602188947 115.917421341128 61.2771863235925 104.855290950673 71.3505224558098 92.2772391348641 79.4520928052466 78.5308593146151 85.3580111458184 69.9242834969345 -74.7556880441689 73.6185007602585 -59.8660312137251 74.9917402696848 -44.5865241874243 74.0116829539684 -29.2767688211575 70.7013943759579 -14.2970788628401 65.1387818865999 -2.8421709430404e-13 63.2438858754609 3.74144025138327 61.1937776400884 7.40013705092278 58.9920631170973 10.9696551146049 58.9904887298327 10.9720916278227 58.9889142718877 10.974528095368 -38.9999999999991 45.5960524607138 -46.2530024605832 38.2185787723887 -52.13083682716 29.7048119283731 -56.4587466546814 20.3078784264261 -59.1080569773736 10.3071625755859 -60 -2.8421709430404e-14 -59.1080569773736 -10.3071625755859 -56.4587466546814 -20.3078784264261 -52.13083682716 -29.7048119283731 -46.2530024605832 -38.2185787723888 -38.9999999999991 -45.5960524607138 -38.998677261077 -45.5986342534364 -38.9973544472599 -45.6012160077863 -38.9960315585486 -45.603797723761 -52.3064502991686 -42.45628208496 -64.9862110568725 -37.3281470560692 -76.7424675533744 -30.3378298289613 -87.3037023659593 -21.6467757513139 -96.4259977766141 -11.4557096545853 -103.898669190299 3.32534000335727e-12 -105.759869342238 3.57919189736216 -107.45880516302 7.23819418221532 -108.992063117099 10.9696551146048 44.9960315585502 99.8747230275858 34.6567764114857 110.688724720388 22.6689111857498 119.640479684508 9.36371954468648 126.482606912396 -4.8911106419003 131.026024784397 -19.7016483215972 133.14517632365 -34.6586055114116 132.781498952759 -49.3486479373073 129.945042865768 -63.3658174926577 124.714193291885 -76.3227508569238 117.233504326154 -87.8613842489576 107.709704189009 -97.6628484899587 96.4059823090077 -105.45628092684 83.6347161047579 -111.026310699226 69.7488384608073 -114.219010495359 55.1320844565897 -114.946150320615 40.1883868792641 -113.187635726102 25.3307135745731 29.7781831751668 97.9340498718545 15.0362534747081 93.6885074537701 1.11719247791576 87.2380142412633 -11.6514159371381 78.7343820255547 -22.9690636928503 68.3777430439815 -32.5693909432999 56.4118398853689 -34.8621252421696 52.9000916765021 -37.0055954976288 49.295297464393 -38.9960315585489 45.6037977237616 -38.9973544472599 45.6012160077864 -38.998677261077 45.5986342534364 -19.987339743263 -56.573016977949 -9.97175888313093 -59.1655645183641 0.340296668971931 -59.9990349770485 10.642234713091 -59.0486480819966 20.6277638572937 -56.3426601985363 29.9999999999999 -51.9615242270664 38.4802931200797 -46.0354976229512 45.8165119415906 -38.740769655572 51.7905401581889 -30.2942230486774 56.2247613437158 -20.9469857459778 58.9873397432636 -10.9769645172386 58.9889142718879 -10.9745280953676 58.9904887298332 -10.9720916278221 58.9920631170991 -10.9696551146041 62.921443985398 -24.0705736983893 64.8202291551935 -37.6156361429144 64.6445651042571 -51.292011535844 62.3985088936429 -64.7838362176978 58.1339344675576 -77.7795088325146 51.9493345951486 -89.9788869381936 49.7802635629858 -93.3803294999796 47.4609425421886 -96.6811522226028 44.9960315585499 -99.874723027585 -108.992063117098 -10.9696551146039 -113.187635726102 -25.3307135745724 -114.946150320615 -40.1883868792635 -114.219010495359 -55.1320844565892 -111.026310699226 -69.7488384608069 -105.45628092684 -83.6347161047575 -97.6628484899589 -96.4059823090073 -87.8613842489578 -107.709704189009 -76.3227508569241 -117.233504326154 -63.3658174926579 -124.714193291885 -49.3486479373075 -129.945042865768 -34.6586055114118 -132.781498952759 -19.7016483215973 -133.14517632365 -4.8911106419004 -131.026024784397 9.36371954468642 -126.482606912396 22.6689111857498 -119.640479684508 34.6567764114857 -110.688724720388 -99.7024666721004 -23.1783618276878 -88.6547542349656 -33.8224762400467 -76.1089327475997 -42.6514900538402 -62.3602670168297 -49.457613204398 -47.7323306831073 -54.0806641811419 -32.5693909433 -56.411839885369 -28.3817606332911 -56.6415319278846 -24.1881821424592 -56.6954345153141 -19.9960315585479 -56.5734528383637 -19.993134282572 -56.5733076356062 -19.9902370108096 -56.5731623488012 40 0 39.3923101204883 6.9459271066772 37.5877048314363 13.6808057330267 34.6410161513775 20 30.6417777247591 25.7115043874616 25.7115043874616 30.6417777247591 20 34.6410161513775 13.6808057330268 37.5877048314363 6.94592710667722 39.3923101204883 0 40 -6.94592710667722 39.3923101204883 -13.6808057330267 37.5877048314363 -20 34.6410161513776 -25.7115043874616 30.6417777247591 -30.6417777247591 25.7115043874616 -34.6410161513775 20 -37.5877048314363 13.6808057330268 -39.3923101204883 6.94592710667726 -40 5.6843418860808e-14 -39.3923101204883 -6.94592710667715 -37.5877048314364 -13.6808057330267 -34.6410161513776 -19.9999999999999 -30.6417777247592 -25.7115043874615 -25.7115043874616 -30.6417777247591 -20.0000000000001 -34.6410161513775 -13.6808057330268 -37.5877048314363 -6.94592710667732 -39.3923101204883 -1.13686837721616e-13 -40 6.9459271066771 -39.3923101204883 13.6808057330266 -37.5877048314364 19.9999999999999 -34.6410161513776 25.7115043874615 -30.6417777247592 30.641777724759 -25.7115043874617 34.6410161513775 -20.0000000000001 37.5877048314363 -13.6808057330269 39.3923101204883 -6.9459271066774 187 48 47 186 49 48 186 48 187 188 47 46 188 187 47 185 50 49 185 49 186 189 46 45 189 188 46 184 51 50 184 50 185 190 45 44 190 189 45 183 52 51 183 51 184 191 44 43 191 190 44 182 53 52 182 52 183 192 43 42 192 191 43 181 53 182 54 53 181 193 192 42 41 193 42 180 54 181 194 193 41 20 54 180 40 194 41 123 197 198 124 197 123 124 180 197 122 123 198 122 198 199 125 180 124 125 20 180 121 122 199 121 199 200 126 20 125 127 20 126 128 21 20 128 20 127 195 194 40 120 121 200 120 200 201 39 195 40 145 22 21 145 21 128 119 202 203 119 201 202 196 195 39 144 22 145 144 23 22 38 196 39 143 23 144 24 23 143 231 116 117 231 117 118 231 118 119 230 115 116 230 116 231 179 196 38 232 203 204 232 204 205 232 119 203 232 231 119 229 114 115 229 115 230 233 205 206 233 206 207 233 207 157 233 232 205 228 113 114 228 114 229 234 233 157 234 157 158 227 112 113 227 113 228 19 179 38 19 177 178 19 178 179 142 24 143 235 158 159 235 234 158 226 110 111 226 111 112 226 112 227 176 177 19 25 24 142 236 235 159 236 159 160 225 109 110 225 110 226 78 176 19 237 236 160 237 160 161 224 109 225 18 78 19 108 109 224 141 25 142 175 176 78 26 25 141 238 237 161 238 161 162 223 108 224 107 108 223 163 238 162 79 78 18 239 238 163 222 107 223 95 175 78 174 175 95 17 79 18 140 26 141 106 222 221 106 107 222 156 106 221 155 156 221 154 155 221 164 240 239 164 239 163 27 26 140 80 79 17 96 173 174 96 174 95 220 153 154 220 154 221 152 153 220 139 27 140 16 80 17 165 241 240 165 240 164 97 173 96 97 172 173 28 27 139 81 80 16 166 242 241 166 241 165 68 220 219 68 151 152 68 152 220 67 68 219 66 67 219 65 219 218 65 66 219 138 28 139 15 81 16 98 172 97 98 171 172 150 151 68 167 242 166 167 243 242 168 243 167 169 243 168 170 208 243 170 243 169 64 218 217 64 65 218 82 81 15 29 28 138 99 171 98 63 217 216 63 64 217 137 29 138 100 170 99 101 208 170 101 170 100 14 82 15 149 150 69 102 208 101 62 216 215 62 63 216 103 208 102 103 209 208 104 209 103 105 209 104 55 210 209 55 209 105 70 149 69 83 82 14 61 215 214 61 62 215 30 29 137 56 211 210 56 210 55 136 30 137 60 61 214 57 212 211 57 211 56 59 214 213 59 60 214 58 213 212 58 212 57 58 59 213 148 149 70 13 83 14 71 148 70 84 83 13 31 30 136 135 31 136 147 148 71 72 147 71 12 84 13 85 84 12 32 135 134 32 31 135 146 147 72 146 72 73 33 134 133 33 32 134 11 85 12 86 85 11 34 133 132 34 33 133 129 146 73 129 73 74 10 86 11 10 87 86 35 132 131 35 34 132 1 74 75 1 75 76 1 76 77 1 129 74 36 131 130 36 35 131 37 130 129 37 36 130 37 129 1 9 87 10 9 88 87 2 77 94 2 1 77 8 89 88 8 88 9 3 2 94 3 94 93 7 89 8 7 90 89 4 3 93 4 93 92 6 90 7 6 91 90 5 4 92 5 91 6 5 92 91 68 69 150 119 120 201 170 171 99 
5 3 1 0.00165108087775513
-19.323531879345 56.8031787465097 0.355416320803352 -19.9960315585478 56.5734528383647 0 -19.9873397432629 56.5730169779494 0 -19.9902370108095 56.5731623488012 0 -19.9931342825719 56.5733076356062 0 3.60325716776785 0.690805157543082 3.61513083822955 0 3.61504381086184 0 3.61507281998441 0 3.61510182910698 0 2 1 5 5 1 4 4 1 3 
28 28 1 0.858001970077463
44.8526858652422 39.8526858652443 30 58.7386868729238 39.5747472881559 30 72.4165795332724 37.1636217812711 30 85.5606302803716 32.6767293382045 30 97.8578187808445 26.2209235153957 30 38.5339992229901 45.9905523331509 25.9656452379394 31.1538156628195 51.2780632443463 22.0359619868982 22.8521363910194 55.477742046587 18.1980870762876 13.8523871346464 58.3790319454958 14.4256497989579 4.4576104073027 59.8341851268765 10.6754555689842 -4.95825875752494 59.7947796296466 6.88587682950084 -12.4040754307414 58.703823675179 3.68867203416959 -19.323531879345 56.8031787465097 0.355416320803352 -19.9960315585478 56.5734528383647 0 -10.6149936862283 66.5268557833489 0 0.165981901679061 74.9437831989834 0 12.0979024491165 81.6298413648055 0 24.9051934723147 86.4306119690127 0 38.2920633090543 89.2352184871019 0 51.9493345951481 89.9788869381935 0 67.1962143522287 79.2649707460723 5.44615387190507 79.9393001385602 66.3872651896831 11.0921908863968 88.7443463606367 53.7460145328084 16.4924695339402 93.1886430121182 44.8597908160414 20.4603516432197 96.145572936157 36.3913114343669 24.5269537932015 97.2988388852939 31.1899941690324 27.2274351410299 49.1579603408815 67.0942976418412 13.741057927214 64.7723010530106 68.0850105512571 12.4166244010112 4.65516537605037 58.309518948453 4.80963871881274 58.309518948453 4.96411206157513 58.309518948453 5.11858540433752 58.309518948453 5.27305874709987 58.309518948453 4.58464179681064 50.4681427670144 4.50142556985013 42.830211434081 4.40597360127439 35.3707234400124 4.29908189127092 28.0384233432023 4.18181725038001 20.7493559594351 4.05551122381127 13.3837388488831 3.94622165313235 7.16948972903468 3.83313793503304 0.690805127722037 3.82133662224992 0 3.97345550979209 0 4.12557439733427 0 4.27769328487644 0 4.42981217241862 0 4.58193105996079 0 4.73404994750297 1.77635683940025e-15 4.90464012549231 10.5854204044971 5.0515106253792 21.5593437998166 5.15742759851232 32.0555987968319 5.2128998556297 39.7677753728661 5.25074889825607 47.671829223739 5.26574180902953 52.9206215196927 4.70303284767122 26.7078159192891 4.87727173652521 24.1335798595529 15 13 14 12 13 15 11 15 16 11 12 15 10 16 17 10 11 16 9 17 18 9 10 17 8 18 19 8 9 18 2 1 6 4 23 24 4 3 23 25 4 24 26 4 25 5 4 26 27 6 7 27 7 8 27 19 20 27 20 21 27 8 19 27 2 6 28 3 2 28 21 22 28 22 23 28 27 21 28 23 3 28 2 27 
225 231 1 1.27320508155693
110.513776640949 29.6120772034589 30 123.153080108815 18.1808394682358 30 133.66783387006 4.76945841883015 30 141.752662990569 -10.2325656580789 30 147.172763668362 -26.3895361957318 30 149.770722527437 -43.2322140730334 30 149.471088298706 -60.2714455005644 30 146.2825631149 -77.0123682787217 30 140.297749778714 -92.968783842469 30 131.690462344164 -107.677277692318 30 120.710678118655 -120.710678118655 30 107.677277692318 -131.690462344164 30 92.9687838424689 -140.297749778714 30 77.0123682787217 -146.2825631149 30 60.2714455005644 -149.471088298706 30 43.2322140730334 -149.770722527437 30 26.3895361957318 -147.172763668362 30 10.232565658079 -141.752662990569 30 -4.76945841883011 -133.66783387006 30 -18.1808394682358 -123.153080108815 30 -29.6120772034589 -110.513776640949 30 -80.9016994374941 80.901699437495 30 -77.3216088960254 97.5632761944187 30 -70.9643890880294 113.375010590898 30 -62.0146696894947 127.877690032969 30 -50.732373094587 140.650120179832 30 -37.445165614623 151.321357488428 30 -22.5389412230538 159.581482348269 30 -6.44661422247348 165.190599927565 30 10.3644536771658 167.985807323393 30 27.4060267198163 167.885924672323 30 44.1831746994735 164.893852818129 30 60.2086469800044 159.096489063981 30 75.017023480923 150.66220345588 30 88.1782316488418 139.835948892427 30 99.3100368477027 126.932147075653 30 108.089143415393 112.325556912815 30 114.260583984098 96.4403905737766 30 117.645124374887 79.7379933010768 30 118.144469009726 62.7034447820337 30 115.744115662652 45.8314712127926 30 -45.8314712127927 -115.744115662652 30 -62.7034447820338 -118.144469009726 30 -79.737993301077 -117.645124374887 30 -96.4403905737769 -114.260583984098 30 -112.325556912815 -108.089143415392 30 -126.932147075653 -99.3100368477025 30 -139.835948892427 -88.1782316488415 30 -150.66220345588 -75.0170234809226 30 -159.096489063981 -60.208646980004 30 -164.893852818129 -44.1831746994729 30 -167.885924672323 -27.4060267198157 30 -167.985807323393 -10.3644536771652 30 -165.190599927565 6.44661422247415 30 -159.581482348269 22.5389412230545 30 -151.321357488428 37.4451656146237 30 -140.650120179832 50.7323730945875 30 -127.877690032968 62.0146696894952 30 -113.375010590897 70.9643890880298 30 -97.5632761944177 77.3216088960257 30 44.8526858652422 39.8526858652443 30 50.9475900628447 31.6913721190536 30 55.5741436844528 22.6166875059058 30 58.5990057287206 12.8901717446034 30 59.934997235475 2.79215085258722 30 59.5436138535574 -7.38634207564505 30 57.4361355672333 -17.3519546767042 30 53.6733015979615 -26.8174699696721 30 48.3635598511156 -35.5100841808008 30 41.6599413600132 -43.1792691679729 30 33.7556498082931 -49.603992843519 30 24.878493244157 -54.5990894969913 30 58.7386868729238 39.5747472881559 30 72.4165795332724 37.1636217812711 30 85.5606302803716 32.6767293382045 30 97.8578187808445 26.2209235153957 30 100.669927424945 24.3811700281112 30 103.411394383793 22.4377177303301 30 106.078397630084 20.3932760939724 30 -20.3932760939724 -106.078397630084 30 -10.0018090788508 -117.080421191769 30 2.08620619291176 -126.18574908086 30 15.5289816727483 -133.136928590623 30 29.9464235325751 -137.737415455808 30 44.9308792994412 -139.857131132277 30 60.0586642095325 -139.43614076155 30 74.9020408744259 -136.48634782605 30 89.0413135351084 -131.091157578699 30 102.076694939313 -123.403118763426 30 113.639610306789 -113.639610306789 30 123.403118763426 -102.076694939314 30 131.091157578699 -89.0413135351084 30 136.48634782605 -74.9020408744259 30 139.43614076155 -60.0586642095325 30 139.857131132277 -44.9308792994411 30 137.737415455808 -29.946423532575 30 133.136928590623 -15.5289816727483 30 126.18574908086 -2.08620619291168 30 117.080421191769 10.0018090788509 30 -8.61767911402801 -98.5376020867423 30 1.99093486528946 -89.4279593331328 30 11.2251374377629 -78.927588648672 30 18.9043738272422 -67.241801977033 30 34.8449519058151 48.8449519058154 30 26.0804930274817 54.035246676993 30 16.5643733363037 57.6682021219281 30 6.57085506553955 59.6391135389157 30 -3.61204054001821 59.8911776736546 30 -13.6908342282741 58.4171298347832 30 -23.3750470482274 55.2594532681346 30 -32.3855721872754 50.5091547553785 30 -40.4627190543301 44.3031417252812 30 -47.3736977717938 36.8202764713512 30 -52.9193283673076 28.2762211964943 30 -56.9397813009637 18.9172224546434 30 -63.6420799363546 31.0818213728145 30 -68.3929303258536 44.1327866403544 30 -71.0791928596589 57.7593147175063 30 -71.6368952654409 71.6368952654445 30 -71.4496763308047 74.9921295330814 30 -71.1373307493066 78.3380357119709 30 -70.7002939788095 81.6699490934149 30 102.063225187388 35.3781036512713 30 106.395523577279 49.8783898497979 30 108.236961203138 64.8995821010242 30 107.53547150494 80.0169569188142 30 104.310889070054 94.8030712596021 30 98.6543888112427 108.839848453826 30 90.7259080003996 121.730399303589 30 80.7496240499053 133.110244105578 30 69.0076159071085 142.657618297088 30 55.8318882856993 150.102570333513 30 41.5949842484496 155.234594555238 30 26.6994515700877 157.908583225012 30 11.5664607183907 158.048929442216 30 -3.37610372047042 155.651664924331 30 -17.7057414579597 150.784572209932 30 -31.0172826784488 143.585268110684 30 -42.934344196205 134.25731260263 30 -53.1199716718073 123.064453177689 30 -61.2861669798354 110.323167396051 30 -67.2020313419706 96.3937144984302 30 89.6449061921369 41.8056720089596 30 76.4514171584509 46.4381798371869 30 62.7407281103171 49.1850485064104 30 48.7809217947318 49.9925689655458 30 -59.7234451499732 5.75413759117674 30 -59.8361428357755 -4.43125383347297 30 -58.2243146963176 -14.4889329539542 30 -54.9344149166556 -24.1290293581139 30 -50.0612610579437 -33.0737077039816 30 -43.7453013389595 -41.065175158078 30 -36.1685668053303 -47.8731111924884 30 -27.5494250482 -53.3013056079643 30 -18.136286674391 -57.1933134698831 30 -8.20044591265977 -59.4369639772553 30 1.97173830446181 -59.967593315546 30 12.0870954357195 -58.7699083198863 30 4.90339306343014 -70.6565686609699 30 -4.0236492074181 -81.296408421625 30 -14.4814374207106 -90.4360440557108 30 -26.2209235153957 -97.8578187808444 30 -29.2202510941382 -99.3732995611928 30 -32.2740636344847 -100.7757534423 30 -35.3781036512712 -102.063225187388 30 -81.6699490934164 70.700293978811 30 -96.3937144984312 67.2020313419702 30 -110.323167396052 61.2861669798349 30 -123.06445317769 53.1199716718067 30 -134.257312602631 42.9343441962043 30 -143.585268110685 31.017282678448 30 -150.784572209933 17.7057414579589 30 -155.651664924331 3.37610372046969 30 -158.048929442216 -11.5664607183914 30 -157.908583225012 -26.6994515700883 30 -155.234594555238 -41.5949842484502 30 -150.102570333513 -55.8318882856998 30 -142.657618297088 -69.0076159071089 30 -133.110244105577 -80.7496240499057 30 -121.730399303589 -90.7259080003998 30 -108.839848453826 -98.6543888112428 30 -94.8030712596018 -104.310889070054 30 -80.0169569188139 -107.53547150494 30 -64.899582101024 -108.236961203138 30 -49.8783898497977 -106.395523577279 30 -81.0272270781072 56.7319300777813 30 -78.4423520237393 42.9897794959452 30 -73.9658655480796 29.7425401422615 30 -67.6852956219744 17.2492330114873 30 40 -9.79717439317883e-15 30 39.3923101204883 6.94592710667721 30 37.5877048314363 13.6808057330267 30 34.6410161513775 20 30 30.6417777247591 25.7115043874616 30 25.7115043874616 30.6417777247591 30 20 34.6410161513775 30 13.6808057330268 37.5877048314363 30 6.94592710667722 39.3923101204883 30 2.44929359829471e-15 40 30 -6.94592710667721 39.3923101204883 30 -13.6808057330267 37.5877048314363 30 -20 34.6410161513775 30 -25.7115043874616 30.6417777247591 30 -30.6417777247591 25.7115043874616 30 -34.6410161513775 20 30 -37.5877048314363 13.6808057330268 30 -39.3923101204883 6.94592710667726 30 -40 5.81892923785969e-14 30 -39.3923101204883 -6.94592710667715 30 -37.5877048314364 -13.6808057330267 30 -34.6410161513776 -19.9999999999999 30 -30.6417777247592 -25.7115043874615 30 -25.7115043874616 -30.6417777247591 30 -20.0000000000001 -34.6410161513775 30 -13.6808057330268 -37.5877048314363 30 -6.94592710667732 -39.3923101204883 30 -1.13929291158899e-13 -40 30 6.94592710667709 -39.3923101204883 30 13.6808057330266 -37.5877048314364 30 19.9999999999999 -34.6410161513776 30 25.7115043874615 -30.6417777247592 30 30.641777724759 -25.7115043874617 30 34.6410161513775 -20.0000000000001 30 37.5877048314363 -13.6808057330269 30 39.3923101204883 -6.94592710667739 30 110.513776640952 29.6120772034578 123.153080108815 18.1808394682358 133.66783387006 4.76945841883014 141.752662990569 -10.2325656580789 147.172763668362 -26.3895361957318 149.770722527437 -43.2322140730334 149.471088298706 -60.2714455005644 146.2825631149 -77.0123682787217 140.297749778714 -92.968783842469 131.690462344164 -107.677277692318 120.710678118655 -120.710678118655 107.677277692318 -131.690462344164 92.9687838424689 -140.297749778714 77.0123682787217 -146.2825631149 60.2714455005644 -149.471088298706 43.2322140730334 -149.770722527437 26.3895361957318 -147.172763668362 10.232565658079 -141.752662990569 -4.76945841883011 -133.66783387006 -18.1808394682357 -123.153080108815 -29.6120772034577 -110.513776640952 -80.901699437494 80.9016994374948 -77.3216088960254 97.5632761944187 -70.9643890880294 113.375010590898 -62.0146696894947 127.877690032969 -50.732373094587 140.650120179832 -37.4451656146231 151.321357488428 -22.5389412230538 159.581482348269 -6.44661422247347 165.190599927565 10.3644536771658 167.985807323393 27.4060267198163 167.885924672323 44.1831746994735 164.893852818129 60.2086469800044 159.096489063981 75.017023480923 150.66220345588 88.1782316488418 139.835948892427 99.3100368477027 126.932147075653 108.089143415393 112.325556912815 114.260583984098 96.4403905737766 117.645124374887 79.7379933010768 118.144469009726 62.7034447820337 115.744115662652 45.8314712127926 -45.8314712127927 -115.744115662652 -62.7034447820338 -118.144469009726 -79.737993301077 -117.645124374887 -96.4403905737769 -114.260583984098 -112.325556912815 -108.089143415392 -126.932147075653 -99.3100368477025 -139.835948892427 -88.1782316488415 -150.66220345588 -75.0170234809226 -159.096489063981 -60.208646980004 -164.893852818129 -44.1831746994729 -167.885924672323 -27.4060267198157 -167.985807323393 -10.3644536771652 -165.190599927565 6.44661422247415 -159.581482348269 22.5389412230545 -151.321357488428 37.4451656146237 -140.650120179832 50.7323730945876 -127.877690032968 62.0146696894952 -113.375010590897 70.9643890880299 -97.5632761944177 77.3216088960257 44.8526858652421 39.8526858652435 50.9475900628447 31.6913721190536 55.5741436844528 22.6166875059058 58.5990057287206 12.8901717446034 59.934997235475 2.79215085258721 59.5436138535574 -7.38634207564505 57.4361355672333 -17.3519546767042 53.6733015979615 -26.8174699696721 48.3635598511156 -35.5100841808008 41.6599413600132 -43.179269167973 33.7556498082931 -49.603992843519 24.8784932441573 -54.5990894969915 58.7386868729238 39.5747472881559 72.4165795332724 37.1636217812711 85.5606302803716 32.6767293382044 97.8578187808446 26.220923515396 100.669927424945 24.3811700281112 103.411394383792 22.4377177303301 106.078397630084 20.3932760939722 -20.3932760939719 -106.078397630085 -10.0018090788508 -117.080421191769 2.08620619291176 -126.18574908086 15.5289816727483 -133.136928590623 29.9464235325751 -137.737415455808 44.9308792994412 -139.857131132277 60.0586642095325 -139.43614076155 74.9020408744259 -136.48634782605 89.0413135351084 -131.091157578699 102.076694939313 -123.403118763426 113.639610306789 -113.639610306789 123.403118763426 -102.076694939314 131.091157578699 -89.0413135351084 136.48634782605 -74.9020408744259 139.43614076155 -60.0586642095325 139.857131132277 -44.9308792994411 137.737415455808 -29.946423532575 133.136928590623 -15.5289816727483 126.18574908086 -2.08620619291167 117.080421191769 10.0018090788509 -8.61767911402802 -98.5376020867423 1.99093486528946 -89.4279593331328 11.2251374377629 -78.927588648672 18.9043738272422 -67.241801977033 34.8449519058151 48.8449519058153 26.0804930274817 54.035246676993 16.5643733363037 57.6682021219281 6.57085506553955 59.6391135389157 -3.6120405400182 59.8911776736546 -13.6908342282742 58.4171298347832 -23.3750470482274 55.2594532681346 -32.3855721872754 50.5091547553785 -40.4627190543301 44.3031417252812 -47.3736977717938 36.8202764713512 -52.9193283673076 28.2762211964943 -56.9397813009641 18.917222454643 -63.6420799363546 31.0818213728144 -68.3929303258536 44.1327866403544 -71.079192859659 57.7593147175062 -71.6368952654441 71.6368952654445 -71.4496763308047 74.9921295330814 -71.1373307493066 78.3380357119709 -70.7002939788115 81.6699490934152 102.063225187388 35.3781036512716 106.395523577279 49.8783898497979 108.236961203138 64.8995821010242 107.53547150494 80.0169569188142 104.310889070054 94.8030712596021 98.6543888112427 108.839848453826 90.7259080003996 121.730399303589 80.7496240499053 133.110244105578 69.0076159071085 142.657618297088 55.8318882856993 150.102570333513 41.5949842484497 155.234594555238 26.6994515700877 157.908583225012 11.5664607183907 158.048929442216 -3.37610372047041 155.651664924331 -17.7057414579596 150.784572209932 -31.0172826784488 143.585268110684 -42.934344196205 134.25731260263 -53.1199716718073 123.064453177689 -61.2861669798354 110.323167396051 -67.2020313419706 96.3937144984302 89.6449061921369 41.8056720089596 76.4514171584509 46.4381798371869 62.7407281103171 49.1850485064103 48.7809217947318 49.9925689655458 -59.7234451499737 5.75413759117637 -59.8361428357755 -4.43125383347297 -58.2243146963175 -14.4889329539542 -54.9344149166556 -24.1290293581139 -50.0612610579437 -33.0737077039816 -43.7453013389595 -41.065175158078 -36.1685668053304 -47.8731111924884 -27.5494250482 -53.3013056079643 -18.136286674391 -57.1933134698831 -8.20044591265977 -59.4369639772553 1.97173830446181 -59.967593315546 12.0870954357199 -58.7699083198864 4.90339306343014 -70.6565686609699 -4.02364920741809 -81.2964084216251 -14.4814374207106 -90.4360440557108 -26.2209235153971 -97.8578187808415 -29.2202510941383 -99.3732995611928 -32.2740636344847 -100.7757534423 -35.3781036512722 -102.063225187386 -81.6699490934145 70.7002939788109 -96.3937144984312 67.2020313419702 -110.323167396052 61.2861669798349 -123.06445317769 53.1199716718067 -134.257312602631 42.9343441962043 -143.585268110685 31.017282678448 -150.784572209933 17.7057414579589 -155.651664924331 3.3761037204697 -158.048929442216 -11.5664607183914 -157.908583225012 -26.6994515700883 -155.234594555238 -41.5949842484502 -150.102570333513 -55.8318882856998 -142.657618297088 -69.0076159071089 -133.110244105577 -80.7496240499057 -121.730399303589 -90.7259080003998 -108.839848453826 -98.6543888112428 -94.8030712596018 -104.310889070054 -80.0169569188139 -107.53547150494 -64.899582101024 -108.236961203138 -49.8783898497977 -106.395523577279 -81.0272270781072 56.7319300777813 -78.4423520237393 42.9897794959452 -73.9658655480796 29.7425401422615 -67.6852956219744 17.2492330114873 40 0 39.3923101204883 6.9459271066772 37.5877048314364 13.6808057330267 34.6410161513776 20 30.6417777247591 25.7115043874616 25.7115043874616 30.6417777247591 20 34.6410161513775 13.6808057330267 37.5877048314363 6.9459271066772 39.3923101204883 0 40 -6.9459271066772 39.3923101204883 -13.6808057330267 37.5877048314363 -20 34.6410161513776 -25.7115043874616 30.6417777247591 -30.6417777247591 25.7115043874616 -34.6410161513775 20 -37.5877048314363 13.6808057330268 -39.3923101204883 6.94592710667726 -40 5.6843418860808e-14 -39.3923101204883 -6.94592710667715 -37.5877048314364 -13.6808057330267 -34.6410161513776 -19.9999999999999 -30.6417777247592 -25.7115043874615 -25.7115043874616 -30.6417777247591 -20.0000000000001 -34.6410161513775 -13.6808057330268 -37.5877048314363 -6.94592710667732 -39.3923101204883 -1.13686837721616e-13 -40 6.94592710667709 -39.3923101204883 13.6808057330266 -37.5877048314364 19.9999999999999 -34.6410161513776 25.7115043874615 -30.6417777247592 30.641777724759 -25.7115043874617 34.6410161513775 -20.0000000000001 37.5877048314363 -13.6808057330269 39.3923101204883 -6.9459271066774 179 49 48 180 179 48 180 48 47 178 49 179 178 50 49 181 180 47 181 47 46 177 50 178 177 51 50 182 46 45 182 181 46 176 51 177 183 45 44 183 182 45 175 52 51 175 51 176 184 44 43 184 183 44 174 53 52 174 52 175 185 43 42 185 184 43 173 54 53 173 53 174 165 42 21 165 185 42 172 55 54 172 54 173 164 165 21 163 164 21 81 20 19 80 21 20 80 163 21 80 20 81 82 19 18 82 81 19 162 163 80 83 82 18 83 18 17 171 56 55 171 55 172 84 83 17 16 84 17 161 162 80 161 80 100 85 84 16 170 56 171 57 56 170 15 85 16 101 161 100 160 161 101 86 85 15 169 57 170 14 86 15 102 160 101 58 57 169 159 160 102 87 86 14 213 152 153 212 152 213 212 151 152 214 153 154 214 213 153 211 150 151 211 151 212 215 154 155 215 214 154 210 149 150 210 150 211 168 58 169 103 159 102 13 87 14 158 159 103 216 155 156 216 215 155 209 148 149 209 149 210 59 58 168 88 87 13 217 156 157 217 216 156 208 147 148 208 148 209 115 189 147 116 188 189 116 189 115 218 157 158 218 217 157 207 115 147 207 147 208 72 158 103 167 59 168 117 188 116 117 187 188 12 88 13 219 218 158 219 158 72 206 115 207 206 114 115 89 88 12 60 59 167 220 72 71 220 219 72 205 114 206 118 187 117 118 186 187 166 60 167 166 186 118 113 114 205 221 220 71 204 113 205 70 221 71 11 89 12 90 89 11 119 166 118 22 60 166 120 166 119 120 22 166 112 113 204 222 221 70 203 112 204 121 22 120 122 22 121 69 222 70 223 222 69 111 203 202 111 112 203 23 22 122 91 90 11 10 91 11 68 224 223 68 223 69 142 23 122 110 111 202 110 202 201 67 225 224 67 224 68 92 91 10 24 23 142 109 110 201 109 201 200 9 92 10 141 24 142 66 225 67 66 190 225 108 109 200 108 200 199 93 92 9 65 190 66 65 191 190 25 24 141 107 108 199 107 199 198 8 93 9 140 25 141 64 191 65 64 192 191 106 107 198 106 198 197 63 192 64 63 193 192 94 93 8 105 106 197 105 197 196 62 193 63 62 194 193 104 105 196 104 196 195 61 194 62 61 104 195 61 195 194 7 94 8 26 25 140 139 26 140 95 94 7 146 104 61 146 61 73 6 95 7 96 95 6 145 73 74 145 146 73 27 139 138 27 26 139 5 96 6 5 97 96 144 74 75 144 145 74 143 144 75 4 97 5 4 98 97 28 138 137 28 27 138 123 143 75 123 75 76 123 76 77 3 98 4 3 99 98 1 77 78 1 78 79 1 123 77 2 99 3 2 1 79 2 79 99 29 28 137 29 137 136 41 123 1 41 124 123 30 29 136 30 136 135 40 125 124 40 124 41 31 135 134 31 30 135 39 126 125 39 125 40 32 133 132 32 134 133 32 31 134 38 127 126 38 126 39 33 132 131 33 32 132 37 128 127 37 127 38 34 131 130 34 33 131 36 129 128 36 128 37 35 130 129 35 34 130 35 129 36 
29 29 1 1.06893074594771
63.9960315585472 -88.905067912984 0 47.366392237257 -98.8204321018632 5.31538384434118 29.591832050024 -105.605787199658 10.7701038623773 11.733736477941 -109.041480381321 16.5490300995462 -3.45952093158735 -109.319920290529 22.1506277947663 -12.3816466387932 -108.179591686248 25.9838438695368 -20.3932760939724 -106.078397630084 30 69.9242834969345 -74.7556880441689 0 73.6185007602585 -59.8660312137251 0 74.9917402696848 -44.5865241874243 0 74.0116829539684 -29.2767688211575 0 70.701394375958 -14.2970788628401 0 65.1387818865998 -3.05533376376843e-13 0 64.5613514564277 -6.61091589131639 3.07192263320946 62.8601989454259 -12.9243196312175 6.16812538683132 60.1272519120106 -18.6581560893281 9.30933420143961 57.348274311154 -22.595236157878 11.8200084107976 54.112517554012 -25.9197886559042 14.3699405345627 48.7798192144994 -34.9360735830892 18.0127251212065 42.0729073044021 -42.7769852967672 21.7327675676825 35.0090913401582 -48.7274411708213 25.2376483221813 30.0364640184155 -51.9404546477473 27.5937409364748 24.878493244157 -54.5990894969913 30 -8.61767911402801 -98.5376020867423 30 1.99093486528946 -89.4279593331328 30 11.2251374377629 -78.927588648672 30 18.9043738272422 -67.241801977033 30 42.7626570900192 -74.5450511742361 15.2765160611397 37.3342189260368 -90.9090927474086 13.0233099607052 1.62085691775341 0 1.45153573456595 10.3312490803373 1.30091839931628 20.9333191705754 1.17487518239415 32.1655328029266 1.0882504177102 43.0530817822861 1.04861612305944 50.5035145901942 1.02320501151485 58.309518948453 1.77441868134819 0 1.92798044494298 0 2.08154220853777 0 2.23510397213255 0 2.38866573572734 0 2.54222749932213 1.77635683940025e-15 2.44269915513558 5.97074430035237 2.34952226880869 11.9886809039134 2.26406130610154 18.094093368761 2.203169749034 22.9739667210182 2.1484867874865 27.9301439873193 2.02789201661198 35.0104445589422 1.91761218361093 42.2409074096702 1.82663144891149 49.0531711018875 1.77252657196531 53.6325919998027 1.72293301065082 58.309518948453 1.16315061134204 58.309518948453 1.30309621116924 58.309518948453 1.44304181099643 58.309518948453 1.58298741082362 58.309518948453 1.63908359173872 29.6922100911124 1.4700009955275 25.3127646308439 24 5 4 24 6 5 24 7 6 25 24 4 22 23 27 20 8 9 19 20 9 18 9 10 18 19 9 17 18 10 16 10 11 16 17 10 15 11 12 15 16 11 14 15 12 13 14 12 28 2 1 28 1 8 28 20 21 28 21 22 28 22 27 28 8 20 29 3 2 29 4 3 29 26 25 29 27 26 29 2 28 29 25 4 29 28 27 
51 50 1 0.418972588500348
-20.3932760939724 -106.078397630084 30 -10.0018090788508 -117.080421191769 30 2.08620619291176 -126.18574908086 30 15.5289816727483 -133.136928590623 30 29.9464235325751 -137.737415455808 30 44.9308792994412 -139.857131132277 30 60.0586642095325 -139.43614076155 30 74.9020408744259 -136.48634782605 30 89.0413135351084 -131.091157578699 30 102.076694939313 -123.403118763426 30 113.639610306789 -113.639610306789 30 123.403118763426 -102.076694939314 30 131.091157578699 -89.0413135351084 30 136.48634782605 -74.9020408744259 30 139.43614076155 -60.0586642095325 30 139.857131132277 -44.9308792994411 30 137.737415455808 -29.946423532575 30 133.136928590623 -15.5289816727483 30 126.18574908086 -2.08620619291168 30 117.080421191769 10.0018090788509 30 106.078397630084 20.3932760939724 30 104.979318219589 29.4224644452088 25.0995194089631 102.252555891142 39.1996104087995 20.4470547022981 98.6479423363306 47.9133361198864 16.683440879848 92.9519774099283 58.2423206859164 12.5082264981852 84.7191671195606 69.5817009561661 8.07114197549789 75.0736487956257 79.8063129026656 3.97826359650683 63.9960315585473 88.9050679129839 0 63.9960315585472 -88.905067912984 0 78.530859314615 -85.3580111458184 0 92.277239134864 -79.4520928052467 0 104.855290950673 -71.3505224558098 0 115.917421341127 -61.2771863235925 0 125.157929248438 -49.5104602188947 0 132.321454001372 -36.3755166437531 0 137.210032186267 -22.2353386767607 0 139.688568349584 -7.48068896573123 0 139.688568349584 7.48068896573116 0 137.210032186267 22.2353386767606 0 132.321454001372 36.3755166437531 0 125.157929248438 49.5104602188946 0 115.917421341128 61.2771863235925 0 104.855290950673 71.3505224558097 0 92.2772391348641 79.4520928052466 0 78.5308593146151 85.3580111458183 0 47.366392237257 -98.8204321018632 5.31538384434118 29.591832050024 -105.605787199658 10.7701038623773 11.733736477941 -109.041480381321 16.5490300995462 -3.45952093158735 -109.319920290529 22.1506277947663 -12.3816466387932 -108.179591686248 25.9838438695368 115.459420465157 19.7269943002533 25.2235273536777 8.75208656847138 58.309518948453 8.58373625868196 58.309518948453 8.41538594889252 58.309518948453 8.24703563910309 58.309518948453 8.07868532931365 58.309518948453 7.91033501952422 58.309518948453 7.74198470973478 58.309518948453 7.57363439994534 58.309518948453 7.40528409015591 58.309518948453 7.23693378036647 58.309518948453 7.06858347057704 58.309518948453 6.9002331607876 58.309518948453 6.73188285099816 58.309518948453 6.56353254120873 58.309518948453 6.39518223141929 58.309518948453 6.22683192162986 58.309518948453 6.05848161184042 58.309518948453 5.89013130205098 58.309518948453 5.72178099226155 58.309518948453 5.55343068247211 58.309518948453 5.38508037268269 58.309518948453 5.36956225421614 48.7846967512041 5.33183469981084 39.74193079662 5.28345912210509 32.4267804222991 5.20990503424901 24.3116223282129 5.10842966010115 15.687480129976 4.99472100264819 7.73235455414145 4.86853417344648 0 7.69783644091267 7.105427357601e-15 7.53140689576763 0 7.36497735062255 0 7.19854780547748 0 7.03211826033241 0 6.86568871518734 0 6.69925917004227 0 6.53282962489719 0 6.36640007975212 0 6.19997053460705 0 6.03354098946198 0 5.86711144431691 0 5.70068189917184 0 5.53425235402676 0 5.36782280888169 0 5.20139326373662 0 5.03496371859155 0 7.88324812000048 10.3312491645435 8.0827287174456 20.9333191909267 8.29314316180944 32.1655328069216 8.48999703307704 43.0530817317077 8.61980317155917 50.5035145762277 5.52680784603619 49.0257248725365 27 28 45 26 45 44 26 27 45 25 44 43 25 26 44 24 43 42 24 25 43 23 24 42 19 41 40 18 40 39 18 19 40 17 39 38 17 18 39 16 38 37 16 17 38 15 16 37 15 37 36 14 15 36 14 36 35 13 14 35 13 35 34 12 13 34 12 34 33 11 12 33 11 33 32 10 11 32 10 32 31 9 10 31 9 31 30 8 30 29 8 9 30 8 29 46 7 8 46 6 7 46 6 46 47 5 6 47 5 47 48 4 5 48 3 4 48 3 48 49 2 3 49 2 49 50 1 2 50 51 19 20 51 20 21 51 21 22 51 22 23 51 42 41 51 23 42 51 41 19 
20 18 1 0.279327702578293
51.9493345951481 89.9788869381935 0 55.9796057792498 89.8011376026204 0 59.997862620829 89.4429580403904 0 63.9960315585473 88.9050679129839 0 106.078397630084 20.3932760939724 30 104.979318219589 29.4224644452088 25.0995194089631 102.252555891142 39.1996104087995 20.4470547022981 98.6479423363306 47.9133361198864 16.683440879848 92.9519774099283 58.2423206859164 12.5082264981852 84.7191671195606 69.5817009561661 8.07114197549789 75.0736487956257 79.8063129026656 3.97826359650683 97.8578187808445 26.2209235153957 30 100.669927424945 24.3811700281112 30 103.411394383793 22.4377177303301 30 67.1962143522287 79.2649707460723 5.44615387190507 79.9393001385602 66.3872651896831 11.0921908863968 88.7443463606367 53.7460145328084 16.4924695339402 93.1886430121182 44.8597908160414 20.4603516432197 96.145572936157 36.3913114343669 24.5269537932015 97.2988388852939 31.1899941690324 27.2274351410299 4.73404994750297 0 4.77887802281747 0 4.82370609813197 0 4.8685341734465 0 5.38508037268268 58.309518948453 5.36956225400311 48.7846967524663 5.33183469999145 39.7419307867901 5.28345912216538 32.4267804036295 5.20990503391362 24.3116223335824 5.10842965954761 15.6874801985316 4.99472100260011 7.73235455208185 5.27305874709987 58.309518948453 5.31039928896083 58.309518948453 5.34773983082175 58.309518948453 4.90464012526088 10.5854204130012 5.05151062510667 21.5593438223403 5.15742759814509 32.0555988265357 5.21289985553374 39.7677753944108 5.25074889822036 47.6718292317505 5.26574180907819 52.9206215091219 15 1 2 15 2 3 15 3 4 11 15 4 16 11 10 16 15 11 9 16 10 17 16 9 8 17 9 18 17 8 7 18 8 19 18 7 6 20 19 6 19 7 13 12 20 13 20 6 14 13 6 5 14 6 
40 38 1 1.27320508155693
34.8449519058151 48.8449519058154 30 26.0804930274817 54.035246676993 30 16.5643733363037 57.6682021219281 30 6.57085506553955 59.6391135389157 30 -3.61204054001821 59.8911776736546 30 -13.6908342282741 58.4171298347832 30 -23.3750470482274 55.2594532681346 30 -32.3855721872754 50.5091547553785 30 -40.4627190543301 44.3031417252812 30 -47.3736977717938 36.8202764713512 30 -52.9193283673076 28.2762211964943 30 -56.9397813009637 18.9172224546434 30 -4.60906328204364 59.8227091969439 14.3699405719684 5.86561767173524 59.7125994186431 18.0127251380402 16.0095023427896 57.8246991765708 21.7327675794306 24.6946562552203 54.6824830449011 25.2376483264417 29.9635212044975 51.9825682010027 27.5937409386501 -38.4508074808028 46.06012813784 0.355416043630865 -30.8428719126884 51.4656900496011 4.43623153965939 -21.8235881149533 55.8903480073458 8.2137730501266 -13.3976265821928 58.4850716137227 11.3101072266305 -38.9999999999987 45.5960524607136 0 -46.2530024605832 38.2185787723887 0 -52.13083682716 29.7048119283731 0 -56.4587466546814 20.3078784264261 0 -59.1080569773736 10.3071625755859 0 -60 -1.92974717961196e-14 0 -59.1080569773736 -10.3071625755859 0 -56.4587466546814 -20.3078784264261 0 -52.13083682716 -29.7048119283732 0 -46.2530024605832 -38.2185787723888 0 -38.9999999999987 -45.5960524607136 0 -39.5312294833862 -45.1362592106597 0.355416061940939 -59.095986266076 10.3761460699745 25.9656452379532 -59.985013257878 1.34096416668379 22.0359619869141 -59.4712021524584 -7.9483403778948 18.198087076299 -57.4839182804719 -17.1929968110682 14.4256497989655 -54.0467295382693 -26.0566887105363 10.675455568986 -49.3046687941942 -34.1913678573904 6.88587682949392 -44.6369647029256 -40.094156475574 3.68867191298656 0.951147640009576 30 1.12111908608659 30 1.29109053216359 30 1.4610619782406 30 1.63103342431761 30 1.80100487039462 30 1.97097631647162 30 2.14094776254863 30 2.31091920862564 30 2.48089065470264 30 2.65086210077965 30 2.82083354685667 30 1.64768979919524 14.3699405582895 1.47287964176583 18.0127251380402 1.30069920464396 21.7327675794306 1.14661192381631 25.2376483264417 1.04789944380785 27.5937409386501 2.26639715368261 0.35541604487397 2.11069358358211 4.43623153965939 1.9430615894014 8.2137730501266 1.79598859143114 11.3101072266305 2.27838076352022 0 2.45102314153413 0 2.62366551954805 0 2.79630789756196 0 2.96895027557588 0 3.14159265358979 0 3.31423503160371 0 3.48687740961762 0 3.65951978763154 0 3.83216216564545 0 4.00480454365933 0 3.99309485812949 0.355416059169042 2.96778308222155 25.9656452379532 3.11924138983355 22.0359619869141 3.2744555431035 18.198087076299 3.43221647957845 14.4256497989655 3.59082940809295 10.675455568986 3.74792342039959 6.88587682949392 3.87342769998143 3.68867191298656 2 17 16 2 1 17 3 16 15 3 2 16 4 15 14 4 3 15 5 14 13 5 4 14 6 13 21 6 5 13 7 21 20 7 6 21 8 20 19 8 7 20 9 19 18 9 18 22 9 22 23 9 8 19 10 23 24 10 9 23 11 24 25 11 10 24 12 11 25 34 25 26 34 12 25 35 26 27 35 34 26 36 35 27 36 27 28 37 36 28 37 28 29 38 37 29 38 29 30 39 38 30 31 39 30 40 39 31 33 40 31 32 33 31 
30 31 1 0.630295914743238
-38.9960315585487 -45.6037977237615 0 -39.5312294833862 -45.1362592106597 0.355416061940939 -52.3064502991686 -42.4562820849599 0 -64.9862110568725 -37.3281470560692 0 -76.7424675533744 -30.3378298289613 0 -87.3037023659593 -21.6467757513139 0 -96.4259977766141 -11.4557096545853 0 -103.898669190297 4.89563944938709e-12 0 -71.6368952654409 71.6368952654445 30 -77.3005339726198 67.252267893438 26.1003117716167 -82.7404430574629 61.6409786526082 22.3497638072585 -87.3946720548657 55.5679235145364 19.074820749858 -92.5078675297721 47.1034255233013 15.275487414712 -97.3377215360747 36.3686069735605 11.2089968089155 -100.641908688993 25.9048213263563 7.72187898364034 -103.073003059743 13.1437084673639 3.82555317315731 -56.9397813009637 18.9172224546434 30 -63.6420799363546 31.0818213728145 30 -68.3929303258536 44.1327866403544 30 -71.0791928596589 57.7593147175063 30 -59.095986266076 10.3761460699745 25.9656452379532 -59.985013257878 1.34096416668379 22.0359619869141 -59.4712021524584 -7.9483403778948 18.198087076299 -57.4839182804719 -17.1929968110682 14.4256497989655 -54.0467295382693 -26.0566887105363 10.675455568986 -49.3046687941942 -34.1913678573904 6.88587682949392 -44.6369647029256 -40.094156475574 3.68867191298656 -81.3461298055244 17.4092272016507 16.8437621096079 -71.6383148278891 3.80563016589117 17.5209245929537 -88.3270400399992 31.8544777148735 16.0596247606493 3.82133662224989 0 3.83313792683838 0.69080464789006 3.97345550979208 0 4.12557439733427 0 4.27769328487646 0 4.42981217241864 0 4.58193105996083 0 4.73404994750297 3.5527136788005e-15 5.27305874709987 58.309518948453 5.26044283673693 50.7298874621549 5.23282003164454 43.4401325500908 5.19565425815828 37.0747874527606 5.13663083684428 29.6902107559611 5.05417108357369 21.7863737105937 4.96799875570907 15.0086349591863 4.85643422981962 7.43553884944687 4.65516537605037 58.309518948453 4.80963871881275 58.309518948453 4.96411206157513 58.309518948453 5.1185854043375 58.309518948453 4.58464179681091 50.4681427670413 4.5014255698505 42.8302114341119 4.40597360127471 35.3707234400362 4.29908189127116 28.0384233432187 4.18181725038007 20.7493559594385 4.05551122381104 13.3837388488696 3.94622164898517 7.16948949349724 4.77632027625999 32.7383888631138 4.59114693876735 34.054556151575 4.95647555655214 31.2142998095375 3 2 1 27 2 3 26 3 4 26 27 3 25 4 5 25 26 4 24 5 6 24 25 5 23 24 6 18 17 21 20 12 11 10 20 11 9 20 10 28 16 15 28 8 16 28 18 21 29 6 7 29 7 8 29 21 22 29 22 23 29 8 28 29 23 6 29 28 21 30 13 12 30 14 13 30 15 14 30 19 18 30 20 19 30 18 28 30 12 20 30 28 15 
20 18 1 0.356630635202368
-103.898669190297 4.89563944938709e-12 0 -105.759869342238 3.57919189736218 0 -107.45880516302 7.23819418221532 0 -108.992063117098 10.9696551146053 0 -105.440281272188 29.8595511683403 5.37457672008541 -98.9645375112373 47.2752405031984 11.0056348408361 -90.2387659201411 62.3064342684273 17.0669817748383 -84.5425930888323 69.5668812136886 20.7932678442818 -77.6941832342328 76.4460752321232 25.2823637686084 -70.7002939788095 81.6699490934149 30 -71.6368952654409 71.6368952654445 30 -71.4496763308047 74.9921295330814 30 -71.1373307493066 78.3380357119709 30 -77.3005339726198 67.252267893438 26.1003117716167 -82.7404430574629 61.6409786526082 22.3497638072585 -87.3946720548657 55.5679235145364 19.074820749858 -92.5078675297721 47.1034255233013 15.275487414712 -97.3377215360747 36.3686069735605 11.2089968089155 -100.641908688993 25.9048213263563 7.72187898364034 -103.073003059743 13.1437084673639 3.82555317315731 4.73404994750297 0 4.77887802281752 0 4.82370609813202 0 4.8685341734465 0 5.03553092718838 10.4462994366578 5.1782068090598 21.3911091097163 5.28915368005349 33.1722499064279 5.33546158925513 40.4148481789456 5.37057333665087 49.1400823074681 5.38508037268269 58.309518948453 5.27305874709523 58.3095189410167 5.31039928896081 58.309518948453 5.34773983082175 58.309518948453 5.26044283674367 50.7298874598986 5.23282003168788 43.4401325408852 5.19565425884493 37.0747873984064 5.13663083677907 29.6902107618334 5.05417108336873 21.7863737274202 4.96799875557748 15.0086349638079 4.85643423004104 7.43553884128435 20 1 2 20 2 3 20 3 4 5 19 20 5 20 4 18 19 5 6 18 5 17 18 6 7 16 17 7 17 6 15 16 7 8 15 7 14 15 8 9 14 8 12 11 14 12 14 9 13 12 9 10 13 9 
52 51 1 0.4235278773185
102.063225187388 35.3781036512713 30 106.395523577279 49.8783898497979 30 108.236961203138 64.8995821010242 30 107.53547150494 80.0169569188142 30 104.310889070054 94.8030712596021 30 98.6543888112427 108.839848453826 30 90.7259080003996 121.730399303589 30 80.7496240499053 133.110244105578 30 69.0076159071085 142.657618297088 30 55.8318882856993 150.102570333513 30 41.5949842484496 155.234594555238 30 26.6994515700877 157.908583225012 30 11.5664607183907 158.048929442216 30 -3.37610372047042 155.651664924331 30 -17.7057414579597 150.784572209932 30 -31.0172826784488 143.585268110684 30 -42.934344196205 134.25731260263 30 -53.1199716718073 123.064453177689 30 -61.2861669798354 110.323167396051 30 -67.2020313419706 96.3937144984302 30 -70.7002939788095 81.6699490934149 30 -108.992063117098 10.9696551146053 0 -105.440281272188 29.8595511683403 5.37457672008541 -98.9645375112373 47.2752405031984 11.0056348408361 -90.2387659201411 62.3064342684273 17.0669817748383 -84.5425930888323 69.5668812136886 20.7932678442818 -77.6941832342328 76.4460752321232 25.2823637686084 44.9960315585502 99.8747230275855 0 34.6567764114857 110.688724720388 0 22.6689111857498 119.640479684508 0 9.36371954468647 126.482606912396 0 -4.89111064190029 131.026024784397 0 -19.7016483215972 133.14517632365 0 -34.6586055114116 132.781498952759 0 -49.3486479373073 129.945042865768 0 -63.3658174926577 124.714193291885 0 -76.3227508569238 117.233504326154 0 -87.8613842489576 107.709704189009 0 -97.6628484899586 96.4059823090077 0 -105.45628092684 83.6347161047579 0 -111.026310699226 69.7488384608073 0 -114.219010495359 55.1320844565897 0 -114.946150320615 40.1883868792641 0 -113.187635726102 25.330713574573 0 98.9981700795639 45.755389365781 24.8507295066482 95.8442045848145 52.7855922691466 21.652102951332 91.1476599020279 60.9094727663878 18.1395358262943 85.3561857397231 68.8988597089784 14.7853529563569 78.5434412274536 76.5591660044099 11.5683950955313 68.0355764440173 85.95211351216 7.44481845326076 56.9758541187242 93.5849763604431 3.7028485224708 -74.5169903607315 90.4278637144219 25.3966339287256 8.75208656847138 58.309518948453 8.58373625868196 58.309518948453 8.41538594889252 58.309518948453 8.24703563910309 58.309518948453 8.07868532931365 58.309518948453 7.91033501952422 58.309518948453 7.74198470973478 58.309518948453 7.57363439994535 58.309518948453 7.40528409015591 58.309518948453 7.23693378036648 58.309518948453 7.06858347057704 58.309518948453 6.90023316078761 58.309518948453 6.73188285099817 58.309518948453 6.56353254120874 58.309518948453 6.3951822314193 58.309518948453 6.22683192162987 58.309518948453 6.05848161184043 58.309518948453 5.890131302051 58.309518948453 5.72178099226156 58.309518948453 5.55343068247213 58.309518948453 5.38508037268269 58.309518948453 4.86853417344652 0 5.03553092690237 10.4462994593477 5.17820680995508 21.3911090428094 5.28915367842331 33.172250045765 5.33546158913375 40.4148482044772 5.37057333677099 49.1400823129537 7.69783644091267 -2.66453525910038e-15 7.53140689576761 0 7.36497735062254 0 7.19854780547748 0 7.03211826033241 0 6.86568871518734 0 6.69925917004227 0 6.5328296248972 0 6.36640007975214 0 6.19997053460707 0 6.033540989462 0 5.86711144431693 0 5.70068189917186 0 5.5342523540268 0 5.36782280888173 0 5.20139326373666 0 5.03496371859159 0 8.5818289279677 48.3011360919585 8.47282542698698 42.084123581703 8.34988884014321 35.2569202299028 8.2295238385138 28.7375606063541 8.11205385411639 22.484918420824 7.960640126314 14.4701260964787 7.82554402414012 7.19704390839537 5.52862129069766 49.3621835764651 23 22 44 43 23 44 24 43 42 24 23 43 25 42 41 25 24 42 26 25 41 19 40 39 18 39 38 18 19 39 17 38 37 17 18 38 16 37 36 16 17 37 15 36 35 15 16 36 14 15 35 14 35 34 13 14 34 13 34 33 12 13 33 12 33 32 11 12 32 11 32 31 10 11 31 10 31 30 51 29 28 9 10 30 9 30 29 8 29 51 8 9 29 7 8 51 7 51 50 6 7 50 6 50 49 5 6 49 5 49 48 4 5 48 4 48 47 3 4 47 3 47 46 45 3 46 2 3 45 1 2 45 52 19 20 52 20 21 52 27 26 52 21 27 52 41 40 52 26 41 52 40 19 
29 27 1 1.00472792110075
102.063225187388 35.3781036512713 30 89.6449061921369 41.8056720089596 30 76.4514171584509 46.4381798371869 30 62.7407281103171 49.1850485064104 30 48.7809217947318 49.9925689655458 30 34.8449519058151 48.8449519058154 30 98.9981700795639 45.755389365781 24.8507295066482 95.8442045848145 52.7855922691466 21.652102951332 91.1476599020279 60.9094727663878 18.1395358262943 85.3561857397231 68.8988597089784 14.7853529563569 78.5434412274536 76.5591660044099 11.5683950955313 68.0355764440173 85.95211351216 7.44481845326076 56.9758541187242 93.5849763604431 3.7028485224708 44.9960315585502 99.8747230275855 0 29.7781831751668 97.9340498718545 0 15.0362534747081 93.6885074537701 0 1.11719247791576 87.2380142412633 0 -11.6514159371381 78.7343820255547 0 -22.9690636928503 68.3777430439815 0 -32.5693909432999 56.4118398853689 0 -26.5553874787508 59.2172528083021 3.07195590664739 -20.2371811597089 60.9007112258681 6.16818853865762 -13.9052387272814 61.4008064335196 9.30930885454036 -9.10599324014304 60.9626642161527 11.8200600973872 -4.60906328204364 59.8227091969439 14.3699405719684 5.86561767173524 59.7125994186431 18.0127251380402 16.0095023427896 57.8246991765708 21.7327675794306 24.6946562552203 54.6824830449011 25.2376483264417 29.9635212044975 51.9825682010027 27.5937409386501 1.02320501151486 58.309518948453 1.16315061134203 58.309518948453 1.30309621116923 58.309518948453 1.44304181099643 58.309518948453 1.58298741082363 58.309518948453 1.72293301065082 58.309518948453 1.05872756559371 48.301136100768 1.09455494621792 42.0841236448289 1.14672274756894 35.2569202137959 1.20942015119486 28.7375605957491 1.28133666003798 22.4849184485475 1.38944819192142 14.4701261147214 1.50098108475746 7.19704395447964 1.62085691775342 0 1.7744186813482 0 1.92798044494299 0 2.08154220853777 0 2.23510397213256 0 2.38866573572734 0 2.54222749932213 -8.88178419700125e-16 2.44269811073301 5.97080907271918 2.34952045365528 11.9888034572355 2.26406195646564 18.0940441123094 2.2031685650001 22.97406726562 2.14848678672805 27.9301440299115 2.02789201608211 35.0104445916608 1.91761218328474 42.2409074325049 1.82663144880857 49.0531711101683 1.77252657191793 53.6325920040306 2 1 7 2 7 8 2 8 9 3 9 10 3 10 11 3 2 9 4 11 12 4 3 11 5 12 13 5 4 12 29 6 5 29 5 13 28 13 14 28 14 15 28 29 13 27 15 16 27 28 15 26 27 16 25 16 17 25 26 16 24 25 17 23 17 18 23 24 17 22 18 19 22 23 18 21 22 19 20 21 19 
40 38 1 1.27320508155693
12.0870954357195 -58.7699083198863 30 20.5619870431059 -56.3666984030894 25.9656452379325 28.8311975951073 -52.6190274109661 22.0359619868751 36.6190657615219 -47.5294016685968 18.1980870762427 43.6315311459336 -41.1860351342886 14.425649798892 49.5891191311053 -33.77749641613 10.6754555688855 54.2629275518789 -25.6034117719516 6.88587682935599 57.0410403467091 -18.6096673141443 3.68867199245199 58.8547617841732 -11.6669197017989 0.355416231094656 -59.7234451499732 5.75413759117674 30 -59.8361428357755 -4.43125383347297 30 -58.2243146963176 -14.4889329539542 30 -54.9344149166556 -24.1290293581139 30 -50.0612610579437 -33.0737077039816 30 -43.7453013389595 -41.065175158078 30 -36.1685668053303 -47.8731111924884 30 -27.5494250482 -53.3013056079643 30 -18.136286674391 -57.1933134698831 30 -8.20044591265977 -59.4369639772553 30 1.97173830446181 -59.967593315546 30 -49.5034542136279 -33.9029205367214 14.3699405347789 -54.6454368386572 -24.7765258402914 18.0127251211805 -58.0824096165069 -15.0477138883269 21.7327675676707 -59.703747585422 -5.95504187857689 25.237648322181 -59.9999852182705 -0.0421135559316896 27.5937409364747 -20.6638373300307 -56.3294401427711 0.355416044414343 -29.1491590369435 -52.4435556340632 4.43623153375014 -37.4906671174797 -46.8449557335651 8.21377303829293 -43.9507444354461 -40.8452208130678 11.3101072098361 -19.987339743263 -56.5730169779494 0 -9.97175888313093 -59.1655645183641 0 0.340296668971931 -59.9990349770485 0 10.642234713091 -59.0486480819966 0 20.6277638572937 -56.3426601985363 0 29.9999999999999 -51.9615242270664 0 38.4802931200797 -46.0354976229512 0 45.8165119415906 -38.740769655572 0 51.7905401581889 -30.2942230486774 0 56.2247613437158 -20.9469857459778 0 58.9873397432638 -10.9769645172389 0 4.91522864924986 30 5.06217818461552 25.9656452379325 5.21363649222829 22.0359619868751 5.36885064549901 18.1980870762427 5.52661158197474 14.425649798892 5.68522451049037 10.6754555688855 5.84231852279837 6.88587682935599 5.96782279937032 3.68867199245199 6.08748995505123 0.355416231176333 3.04554274240277 30 3.21551418847976 30 3.38548563455677 30 3.55545708063378 30 3.72542852671079 30 3.8953999727878 30 4.06537141886481 30 4.23534286494182 30 4.40531431101883 30 4.57528575709584 30 4.74525720317285 30 3.74208490265244 14.3699405363361 3.56727474495653 18.0127251211805 3.39509430756818 21.7327675676707 3.2410070263916 25.237648322181 3.14229454629036 27.5937409364747 4.36079225604921 0.355416045653768 4.20508868622249 4.43623153375014 4.03745669234445 8.21377303829293 3.89038369463456 11.3101072098361 4.37277586591347 0 4.54541824392738 0 4.71806062194128 0 4.89070299995518 0 5.06334537796908 0 5.23598775598299 0 5.40863013399689 0 5.58127251201079 0 5.75391489002469 0 5.9265572680386 0 6.09919964605253 0 11 25 24 11 10 25 12 24 23 12 11 24 13 23 22 13 12 23 14 22 21 14 13 22 15 21 29 15 14 21 16 29 28 16 15 29 17 28 27 17 16 28 18 27 26 18 26 30 18 30 31 18 17 27 19 31 32 19 18 31 20 32 33 20 19 32 1 20 33 2 33 34 2 1 33 3 34 35 3 2 34 4 3 35 4 35 36 5 4 36 5 36 37 6 5 37 6 37 38 7 6 38 39 7 38 8 7 39 9 8 39 40 9 39 
30 31 1 0.630295914740129
58.8547617841732 -11.6669197017989 0.355416231094656 58.9920631170986 -10.9696551146043 0 62.921443985398 -24.0705736983893 0 64.8202291551935 -37.6156361429144 0 64.6445651042571 -51.292011535844 0 62.3985088936429 -64.7838362176978 0 58.1339344675576 -77.7795088325146 0 51.9493345951482 -89.9788869381934 0 -26.2209235153957 -97.8578187808444 30 -19.5919054714203 -100.570360093143 26.100311771561 -12.01243189833 -102.47581493449 22.3497638071524 -4.42589737145106 -103.469967912212 19.074820749754 5.46117065660085 -103.665876092353 15.2754874146528 17.1727232287216 -102.48124308351 11.2089968089023 27.8867209954213 -100.110860273187 7.72187898362578 40.1537160972205 -95.8356933277609 3.82555317315013 12.0870954357195 -58.7699083198863 30 4.90339306343014 -70.6565686609699 30 -4.0236492074181 -81.296408421625 30 -14.4814374207106 -90.4360440557108 30 20.5619870431059 -56.3666984030894 25.9656452379325 28.8311975951073 -52.6190274109661 22.0359619868751 36.6190657615219 -47.5294016685968 18.1980870762427 43.6315311459336 -41.1860351342886 14.425649798892 49.5891191311053 -33.77749641613 10.6754555688855 54.2629275518789 -25.6034117719516 6.88587682935599 57.0410403467091 -18.6096673141443 3.68867199245199 25.5962318859231 -79.1524285119409 16.8437621095901 32.5233850129617 -63.9434156081577 17.5209245929164 16.5767330947347 -92.4206993731463 16.0596247606109 3.83313793243222 0.690804972750068 3.82133662224992 0 3.97345550979209 0 4.12557439733427 0 4.27769328487645 0 4.42981217241862 0 4.5819310599608 0 4.73404994750297 0 5.27305874709986 58.309518948453 5.26044283673663 50.7298874620469 5.23282003164353 43.4401325498846 5.19565425815689 37.0747874525583 5.13663083684323 29.6902107558462 5.05417108357339 21.7863737105682 4.96799875570867 15.0086349591577 4.8564342298194 7.43553884943292 4.65516537605037 58.309518948453 4.80963871881275 58.309518948453 4.96411206157512 58.309518948453 5.11858540433749 58.309518948453 4.58464179681051 50.4681427670011 4.5014255698496 42.8302114340363 4.40597360127321 35.3707234399254 4.29908189126897 28.0384233430743 4.1818172503768 20.7493559592432 4.05551122380635 13.3837388486015 3.94622165170467 7.16948964795025 4.77632027625959 32.7383888630794 4.5911469387664 34.0545561515024 4.95647555655141 31.2142998094628 3 1 2 27 1 3 26 3 4 26 27 3 25 4 5 25 26 4 24 5 6 24 25 5 23 24 6 18 17 21 20 12 11 10 20 11 9 20 10 28 16 15 28 8 16 28 18 21 29 6 7 29 7 8 29 21 22 29 22 23 29 8 28 29 23 6 29 28 21 30 13 12 30 14 13 30 15 14 30 19 18 30 20 19 30 18 28 30 12 20 30 28 15 
20 18 1 0.356629437937046
51.9493345951482 -89.9788869381934 0 49.7802635629858 -93.3803294999796 0 47.4609425421886 -96.6811522226027 0 44.9960315585503 -99.8747230275854 0 26.8610470074384 -106.243728443592 5.37456596271027 8.54079885575714 -109.343416467021 11.0056060117606 -8.83943511671942 -109.302293223569 17.0669294753491 -17.9298643294004 -108.008471128926 20.7733660322045 -27.3372417955411 -105.514972809219 25.271865350869 -35.3781036512712 -102.063225187388 30 -26.2209235153957 -97.8578187808444 30 -29.2202510941382 -99.3732995611928 30 -32.2740636344847 -100.7757534423 30 -19.5919054714203 -100.570360093143 26.100311771561 -12.01243189833 -102.47581493449 22.3497638071524 -4.42589737145106 -103.469967912212 19.074820749754 5.46117065660085 -103.665876092353 15.2754874146528 17.1727232287216 -102.48124308351 11.2089968089023 27.8867209954213 -100.110860273187 7.72187898362578 40.1537160972205 -95.8356933277609 3.82555317315013 4.73404994750297 0 4.77887802281748 0 4.82370609813199 0 4.8685341734465 0 5.03553062021569 10.4462785280788 5.17820617440345 21.3910530760656 5.28915291555127 33.1721482544928 5.33525676981635 40.376166009515 5.37051621720634 49.1196770508176 5.38508037268268 58.309518948453 5.27305874709523 58.3095189410167 5.3103992889608 58.309518948453 5.34773983082174 58.309518948453 5.26044283674336 50.7298874597901 5.23282003168688 43.440132540679 5.19565425884356 37.0747873982041 5.13663083677802 29.6902107617186 5.05417108336843 21.7863737273946 4.96799875557709 15.0086349637796 4.85643423004082 7.43553884127041 20 1 2 20 2 3 20 3 4 5 19 20 5 20 4 18 19 5 6 18 5 17 18 6 7 16 17 7 17 6 15 16 7 8 15 7 14 15 8 9 14 8 12 11 14 12 14 9 13 12 9 10 13 9 
53 52 1 0.411965318044706
-81.6699490934164 70.700293978811 30 -96.3937144984312 67.2020313419702 30 -110.323167396052 61.2861669798349 30 -123.06445317769 53.1199716718067 30 -134.257312602631 42.9343441962043 30 -143.585268110685 31.017282678448 30 -150.784572209933 17.7057414579589 30 -155.651664924331 3.37610372046969 30 -158.048929442216 -11.5664607183914 30 -157.908583225012 -26.6994515700883 30 -155.234594555238 -41.5949842484502 30 -150.102570333513 -55.8318882856998 30 -142.657618297088 -69.0076159071089 30 -133.110244105577 -80.7496240499057 30 -121.730399303589 -90.7259080003998 30 -108.839848453826 -98.6543888112428 30 -94.8030712596018 -104.310889070054 30 -80.0169569188139 -107.53547150494 30 -64.899582101024 -108.236961203138 30 -49.8783898497977 -106.395523577279 30 -35.3781036512712 -102.063225187388 30 44.9960315585503 -99.8747230275854 0 26.8610470074384 -106.243728443592 5.37456596271027 8.54079885575714 -109.343416467021 11.0056060117606 -8.83943511671942 -109.302293223569 17.0669294753491 -17.9298643294004 -108.008471128926 20.7733660322045 -27.3372417955411 -105.514972809219 25.271865350869 -108.992063117099 -10.9696551146044 0 -113.187635726102 -25.3307135745724 0 -114.946150320615 -40.1883868792635 0 -114.219010495359 -55.1320844565891 0 -111.026310699226 -69.7488384608069 0 -105.45628092684 -83.6347161047575 0 -97.6628484899589 -96.4059823090073 0 -87.8613842489578 -107.709704189009 0 -76.3227508569241 -117.233504326154 0 -63.3658174926579 -124.714193291885 0 -49.3486479373075 -129.945042865768 0 -34.6586055114118 -132.781498952759 0 -19.7016483215973 -133.14517632365 0 -4.89111064190039 -131.026024784397 0 9.36371954468641 -126.482606912396 0 22.6689111857498 -119.640479684508 0 34.6567764114857 -110.688724720388 0 -109.264211515093 8.38956860771223 5.31534253690843 -107.690922079633 20.5984750225909 8.79409225437602 -104.829097211373 32.2938616654238 12.3811569312213 -101.369860437209 41.8943390621796 15.644885158829 -97.1410586449223 50.7254189354204 19.0532432546016 -92.3560273798489 58.5180140565321 22.5716732769183 -87.1787409782105 65.1761270942984 26.2033316912378 -84.4577278113106 68.0880227977475 28.0818629488 -41.0309970889119 -109.753720584334 25.3866830221574 8.75208656847138 58.309518948453 8.58373625868193 58.309518948453 8.41538594889249 58.309518948453 8.24703563910306 58.309518948453 8.07868532931362 58.309518948453 7.91033501952419 58.309518948453 7.74198470973475 58.309518948453 7.57363439994532 58.309518948453 7.40528409015589 58.309518948453 7.23693378036645 58.309518948453 7.06858347057702 58.309518948453 6.90023316078758 58.309518948453 6.73188285099815 58.309518948453 6.56353254120872 58.309518948453 6.39518223141928 58.309518948453 6.22683192162985 58.309518948453 6.05848161184041 58.309518948453 5.89013130205098 58.309518948453 5.72178099226154 58.309518948453 5.55343068247211 58.309518948453 5.38508037268269 58.309518948453 4.86853417344649 0 5.03553062019282 10.4462785249035 5.17820617547785 21.3910530229622 5.28915291403316 33.1721483848484 5.33525676969193 40.3761660328043 5.37051621733349 49.119677056031 7.69783644091267 0 7.53140689576759 0 7.36497735062252 0 7.19854780547745 0 7.03211826033238 0 6.86568871518731 0 6.69925917004225 0 6.53282962489718 0 6.36640007975211 0 6.19997053460704 0 6.03354098946197 0 5.8671114443169 0 5.70068189917183 0 5.53425235402677 0 5.3678228088817 0 5.20139326373663 0 5.03496371859156 0 7.88324663094527 10.3311689050923 8.01009657098507 17.092643111697 8.1418610126618 24.0646435287977 8.26061354661696 30.4081909333157 8.38219218002205 37.0328483191392 8.50444644350246 43.8714470354925 8.62712268173329 50.9301222124225 8.68931953503327 54.5813306327438 5.52851888097674 49.3428424906287 23 22 44 43 23 44 24 43 42 24 23 43 25 42 41 25 24 42 26 25 41 19 40 39 18 39 38 18 19 39 17 38 37 17 18 38 16 37 36 16 17 37 15 16 36 15 36 35 14 15 35 14 35 34 13 14 34 13 34 33 12 13 33 12 33 32 11 12 32 11 32 31 10 11 31 10 31 30 9 10 30 9 30 29 8 29 28 8 9 29 8 28 45 7 8 45 7 45 46 6 7 46 6 46 47 5 6 47 5 47 48 4 5 48 4 48 49 3 4 49 3 49 50 2 50 51 2 3 50 52 2 51 1 2 52 53 19 20 53 20 21 53 27 26 53 21 27 53 41 40 53 26 41 53 40 19 
32 31 1 0.960655101962654
-108.992063117099 -10.9696551146044 0 -109.264211515093 8.38956860771223 5.31534253690843 -107.690922079633 20.5984750225909 8.79409225437602 -104.829097211373 32.2938616654238 12.3811569312213 -101.369860437209 41.8943390621796 15.644885158829 -97.1410586449223 50.7254189354204 19.0532432546016 -92.3560273798489 58.5180140565321 22.5716732769183 -87.1787409782105 65.1761270942984 26.2033316912378 -84.4577278113106 68.0880227977475 28.0818629488 -81.6699490934164 70.700293978811 30 -99.7024666721004 -23.1783618276878 0 -88.6547542349656 -33.8224762400467 0 -76.1089327475997 -42.6514900538402 0 -62.3602670168297 -49.457613204398 0 -47.7323306831073 -54.080664181142 0 -32.5693909432999 -56.411839885369 0 -49.5034542136279 -33.9029205367214 14.3699405347789 -48.2923763197242 -38.2309408032087 11.8977695481004 -46.3674652214651 -42.4787599511678 9.46251905931349 -43.7644611577489 -46.5293699973705 7.0618962462446 -40.5418648400592 -50.2692415202233 4.69035616982577 -36.7783058932529 -53.5938587402909 2.33972211846747 -54.6454368386572 -24.7765258402914 18.0127251211805 -58.0824096165069 -15.0477138883269 21.7327675676707 -59.703747585422 -5.95504187857689 25.237648322181 -59.9999852182705 -0.0421135559316896 27.5937409364747 -59.7234451499732 5.75413759117674 30 -81.0272270781072 56.7319300777813 30 -78.4423520237393 42.9897794959452 30 -73.9658655480796 29.7425401422615 30 -67.6852956219744 17.2492330114873 30 -85.939231787907 0.238909560920687 15.2764954213076 1.62085691775344 0 1.45153697456343 10.3311688470925 1.35221734394032 17.0926430917318 1.26209823080756 24.0646435346795 1.19214795578118 30.4081909532399 1.13183410170288 37.0328483050812 1.08313512544385 43.8714470614765 1.04681008056457 50.9301222316648 1.03334510548827 54.5813306137898 1.02320501151486 58.309518948453 1.77441868134822 0 1.927980444943 0 2.08154220853778 0 2.23510397213256 0 2.38866573572735 0 2.54222749932213 0 2.14848678748787 27.930143987242 2.20139423513049 23.1251071634185 2.26015123538394 18.3918312176505 2.32421182086877 13.7258589956188 2.39298182815639 9.11641371469651 2.46585359454971 4.54760237691638 2.0278920166128 35.0104445588915 1.91761218361126 42.2409074096477 1.8266314489115 49.053171101887 1.77252657196532 53.6325919998024 1.72293301065081 58.309518948453 1.16315061134205 58.309518948453 1.30309621116924 58.309518948453 1.44304181099643 58.309518948453 1.58298741082362 58.309518948453 1.63908421173746 29.6921699744897 28 7 6 28 8 7 28 9 8 28 10 9 29 5 4 29 6 5 29 28 6 30 4 3 30 29 4 26 27 31 24 11 12 23 24 12 17 12 13 17 23 12 18 17 13 19 13 14 19 18 13 20 14 15 20 19 14 21 20 15 22 21 15 16 22 15 32 2 1 32 3 2 32 1 11 32 24 25 32 25 26 32 31 30 32 30 3 32 26 31 32 11 24 
74 72 1 1.27320508155693
40 -9.79717439317883e-15 30 39.3923101204883 6.94592710667721 30 37.5877048314363 13.6808057330267 30 34.6410161513775 20 30 30.6417777247591 25.7115043874616 30 25.7115043874616 30.6417777247591 30 20 34.6410161513775 30 13.6808057330268 37.5877048314363 30 6.94592710667722 39.3923101204883 30 2.44929359829471e-15 40 30 -6.94592710667721 39.3923101204883 30 -13.6808057330267 37.5877048314363 30 -20 34.6410161513775 30 -25.7115043874616 30.6417777247591 30 -30.6417777247591 25.7115043874616 30 -34.6410161513775 20 30 -37.5877048314363 13.6808057330268 30 -39.3923101204883 6.94592710667726 30 -40 5.81892923785969e-14 30 -39.3923101204883 -6.94592710667715 30 -37.5877048314364 -13.6808057330267 30 -34.6410161513776 -19.9999999999999 30 -30.6417777247592 -25.7115043874615 30 -25.7115043874616 -30.6417777247591 30 -20.0000000000001 -34.6410161513775 30 -13.6808057330268 -37.5877048314363 30 -6.94592710667732 -39.3923101204883 30 -1.13929291158899e-13 -40 30 6.94592710667709 -39.3923101204883 30 13.6808057330266 -37.5877048314364 30 19.9999999999999 -34.6410161513776 30 25.7115043874615 -30.6417777247592 30 30.641777724759 -25.7115043874617 30 34.6410161513775 -20.0000000000001 30 37.5877048314363 -13.6808057330269 30 39.3923101204883 -6.94592710667739 30 40 -9.79717439317883e-15 30 40 -9.79717439317883e-15 0 39.3923101204883 6.94592710667721 0 37.5877048314363 13.6808057330267 0 34.6410161513775 20 0 30.6417777247591 25.7115043874616 0 25.7115043874616 30.6417777247591 0 20 34.6410161513775 0 13.6808057330268 37.5877048314363 0 6.94592710667722 39.3923101204883 0 2.44929359829471e-15 40 0 -6.94592710667721 39.3923101204883 0 -13.6808057330267 37.5877048314363 0 -20 34.6410161513775 0 -25.7115043874616 30.6417777247591 0 -30.6417777247591 25.7115043874616 0 -34.6410161513775 20 0 -37.5877048314363 13.6808057330268 0 -39.3923101204883 6.94592710667726 0 -40 5.81892923785969e-14 0 -39.3923101204883 -6.94592710667715 0 -37.5877048314364 -13.6808057330267 0 -34.6410161513776 -19.9999999999999 0 -30.6417777247592 -25.7115043874615 0 -25.7115043874616 -30.6417777247591 0 -20.0000000000001 -34.6410161513775 0 -13.6808057330268 -37.5877048314363 0 -6.94592710667732 -39.3923101204883 0 -1.13929291158899e-13 -40 0 6.94592710667709 -39.3923101204883 0 13.6808057330266 -37.5877048314364 0 19.9999999999999 -34.6410161513776 0 25.7115043874615 -30.6417777247592 0 30.641777724759 -25.7115043874617 0 34.6410161513775 -20.0000000000001 0 37.5877048314363 -13.6808057330269 0 39.3923101204883 -6.94592710667739 0 40 -9.79717439317883e-15 0 0 30 0.174532925199433 30 0.349065850398866 30 0.523598775598299 30 0.698131700797732 30 0.872664625997165 30 1.0471975511966 30 1.22173047639603 30 1.39626340159546 30 1.5707963267949 30 1.74532925199433 30 1.91986217719376 30 2.0943951023932 30 2.26892802759263 30 2.44346095279206 30 2.61799387799149 30 2.79252680319093 30 2.96705972839036 30 3.14159265358979 30 3.31612557878922 30 3.49065850398866 30 3.66519142918809 30 3.83972435438752 30 4.01425727958696 30 4.18879020478639 30 4.36332312998582 30 4.53785605518525 30 4.71238898038469 30 4.88692190558412 30 5.06145483078355 30 5.23598775598299 30 5.41052068118242 30 5.58505360638185 30 5.75958653158128 30 5.93411945678072 30 6.10865238198015 30 6.28318530717959 30 0 0 0.174532925199433 0 0.349065850398866 0 0.523598775598299 0 0.698131700797732 0 0.872664625997165 0 1.0471975511966 0 1.22173047639603 0 1.39626340159546 0 1.5707963267949 0 1.74532925199433 0 1.91986217719376 0 2.0943951023932 0 2.26892802759263 0 2.44346095279206 0 2.61799387799149 0 2.79252680319093 0 2.96705972839036 0 3.14159265358979 0 3.31612557878922 0 3.49065850398866 0 3.66519142918809 0 3.83972435438752 0 4.01425727958696 0 4.18879020478639 0 4.36332312998582 0 4.53785605518525 0 4.71238898038469 0 4.88692190558412 0 5.06145483078355 0 5.23598775598299 0 5.41052068118242 0 5.58505360638185 0 5.75958653158128 0 5.93411945678072 0 6.10865238198015 0 6.28318530717959 0 1 38 39 2 39 40 2 1 39 3 2 40 4 40 41 4 41 42 4 3 40 5 42 43 5 4 42 6 43 44 6 5 43 7 6 44 8 7 44 8 44 45 8 45 46 9 8 46 9 46 47 10 9 47 10 47 48 11 10 48 11 48 49 12 11 49 12 49 50 13 12 50 13 50 51 14 13 51 15 14 51 15 51 52 16 15 52 16 52 53 17 16 53 17 53 54 18 17 54 18 54 55 19 18 55 19 55 56 20 56 57 20 19 56 21 57 58 21 20 57 22 58 59 22 21 58 23 59 60 23 22 59 24 60 61 24 23 60 25 61 62 25 24 61 26 62 63 26 25 62 27 63 64 27 26 63 28 64 65 28 65 66 28 27 64 29 28 66 30 66 67 30 29 66 31 67 68 31 30 67 32 31 68 32 68 69 33 32 69 33 69 70 34 33 70 34 70 71 35 34 71 35 71 72 36 35 72 36 72 73 36 73 74 37 36 74 
51 49 1 0.88144046750555
110.513776640949 29.6120772034589 30 123.153080108815 18.1808394682358 30 133.66783387006 4.76945841883015 30 141.752662990569 -10.2325656580789 30 147.172763668362 -26.3895361957318 30 149.770722527437 -43.2322140730334 30 149.471088298706 -60.2714455005644 30 146.2825631149 -77.0123682787217 30 140.297749778714 -92.968783842469 30 131.690462344164 -107.677277692318 30 120.710678118655 -120.710678118655 30 107.677277692318 -131.690462344164 30 92.9687838424689 -140.297749778714 30 77.0123682787217 -146.2825631149 30 60.2714455005644 -149.471088298706 30 43.2322140730334 -149.770722527437 30 26.3895361957318 -147.172763668362 30 10.232565658079 -141.752662990569 30 -4.76945841883011 -133.66783387006 30 -18.1808394682358 -123.153080108815 30 -29.6120772034589 -110.513776640949 30 -18.633846068221 -113.667159759933 24.5633589481641 -6.01920666424989 -115.292503426019 19.4737369507751 7.77429748905977 -115.184263577656 14.7219893373419 22.238195906363 -113.171419913468 10.2613599125465 36.8516071827389 -109.165019601858 6.0199136201243 47.3991321188963 -104.952298125821 2.99167585945485 57.5693909432998 -99.713110074591 0 57.5693909432998 99.713110074591 0 73.9529114232529 97.0889181850833 0 89.6769935772361 91.7918088974826 0 104.308743790364 83.9676148756922 0 117.445341015289 73.8317409745383 0 128.725126682417 61.6632340121515 0 137.837561381895 47.7971004401081 0 144.531774203814 32.6150834105807 0 148.62346936805 16.5351531534879 0 150 -3.10862446895044e-14 0 148.62346936805 -16.535153153488 0 144.531774203814 -32.6150834105808 0 137.837561381895 -47.7971004401081 0 128.725126682417 -61.6632340121515 0 117.445341015289 -73.8317409745384 0 104.308743790364 -83.9676148756922 0 89.6769935772361 -91.7918088974826 0 73.9529114232529 -97.0889181850833 0 73.9031172355953 88.369826311081 5.23881789506181 87.8137342360707 74.7917166158269 10.6699404565579 98.7358660201773 59.8658788190417 16.472585960227 105.718882535491 46.1563139411824 22.1293609308059 108.697041573074 37.674399624615 25.9718630988746 7.20404273080514 58.309518948453 7.03341717210287 58.309518948453 6.86279161340057 58.309518948453 6.69216605469827 58.309518948453 6.52154049599596 58.309518948453 6.35091493729366 58.309518948453 6.18028937859135 58.309518948453 6.00966381988905 58.309518948453 5.83903826118675 58.309518948453 5.66841270248444 58.309518948453 5.49778714378214 58.309518948453 5.32716158507983 58.309518948453 5.15653602637753 58.309518948453 4.98591046767523 58.309518948453 4.81528490897292 58.309518948453 4.64465935027062 58.309518948453 4.47403379156832 58.309518948453 4.30340823286601 58.309518948453 4.13278267416371 58.309518948453 3.9621571154614 58.309518948453 3.79153155675913 58.309518948453 3.95594651653993 47.7425881451921 4.11777133607713 37.8501410629629 4.27645521083401 28.6144038884258 4.43107518408245 19.9444986356682 4.58052322403218 11.700608863969 4.68637736861992 5.81477268085622 4.78815535905406 0 7.77821525530512 -8.88178419700125e-16 7.6121008166245 0 7.44598637794389 0 7.27987193926327 0 7.11375750058266 0 6.94764306190204 0 6.78152862322143 0 6.61541418454081 0 6.4492997458602 0 6.28318530717959 0 6.11707086849897 0 5.95095642981836 0 5.78484199113774 0 5.61872755245713 0 5.45261311377651 0 5.2864986750959 0 5.12038423641528 0 4.95426979773467 0 7.61261365628279 10.1824316876364 7.46619821982896 20.7386365338475 7.34491933336136 32.0169521020648 7.26298507798467 43.011746358211 7.22666992960203 50.4802281909507 20 21 22 19 22 23 19 20 22 18 23 24 18 19 23 46 27 28 17 24 25 17 18 24 16 25 26 16 17 25 15 26 27 15 27 46 15 16 26 14 46 45 14 15 46 13 45 44 13 14 45 12 44 43 12 13 44 11 43 42 11 12 43 10 11 42 10 42 41 9 10 41 9 41 40 8 9 40 8 40 39 7 8 39 7 39 38 6 7 38 6 38 37 5 6 37 5 37 36 4 5 36 4 36 35 3 4 35 3 35 34 2 3 34 49 33 32 48 32 31 48 49 32 50 2 34 50 34 33 50 33 49 47 31 30 47 48 31 51 2 50 29 47 30 1 2 51 
51 49 1 1.06082008227609
-80.9016994374941 80.901699437495 30 -77.3216088960254 97.5632761944187 30 -70.9643890880294 113.375010590898 30 -62.0146696894947 127.877690032969 30 -50.732373094587 140.650120179832 30 -37.445165614623 151.321357488428 30 -22.5389412230538 159.581482348269 30 -6.44661422247348 165.190599927565 30 10.3644536771658 167.985807323393 30 27.4060267198163 167.885924672323 30 44.1831746994735 164.893852818129 30 60.2086469800044 159.096489063981 30 75.017023480923 150.66220345588 30 88.1782316488418 139.835948892427 30 99.3100368477027 126.932147075653 30 108.089143415393 112.325556912815 30 114.260583984098 96.4403905737766 30 117.645124374887 79.7379933010768 30 118.144469009726 62.7034447820337 30 115.744115662652 45.8314712127926 30 110.513776640949 29.6120772034589 30 57.5693909432998 99.713110074591 0 73.9031172355953 88.369826311081 5.23881789506181 87.8137342360707 74.7917166158269 10.6699404565579 98.7358660201773 59.8658788190417 16.472585960227 105.718882535491 46.1563139411824 22.1293609308059 108.697041573074 37.674399624615 25.9718630988746 -115.1387818866 -3.62376795237651e-13 0 -121.057925285857 15.5006408838155 0 -124.332535153164 31.7666501241589 0 -124.87245947272 48.3502145214515 0 -122.662833797227 64.7947783880977 0 -117.764490475237 80.6476128062675 0 -110.312283899318 95.472279532364 0 -100.511377882018 108.860646409249 0 -88.6315973704121 120.444123494566 0 -75.0000000000002 129.903810567666 0 -59.9918719976382 136.979276648054 0 -44.0203963217958 141.47572981983 0 -27.5252774825778 143.269379972472 0 -10.9606362071809 142.310846818419 0 5.21749278193782 138.626519362636 0 20.5637156823553 132.317829397144 0 34.6555415759283 123.558459021642 0 47.1050138626046 112.589559068899 0 -89.1217232599239 72.9709657895361 24.5633600192889 -96.8366309010992 62.8590415350943 19.4737386940416 -103.639648619331 50.8593895732931 14.7219882290969 -109.128428125257 37.326850750872 10.2613548298947 -112.965470787272 22.6681488459548 6.01993211932797 -114.590921485373 11.427306382618 2.99167845864277 7.20404273080514 58.309518948453 7.03341717210284 58.309518948453 6.86279161340054 58.309518948453 6.69216605469824 58.309518948453 6.52154049599594 58.309518948453 6.35091493729364 58.309518948453 6.18028937859134 58.309518948453 6.00966381988904 58.309518948453 5.83903826118674 58.309518948453 5.66841270248444 58.309518948453 5.49778714378214 58.309518948453 5.32716158507984 58.309518948453 5.15653602637754 58.309518948453 4.98591046767524 58.309518948453 4.81528490897295 58.309518948453 4.64465935027065 58.309518948453 4.47403379156835 58.309518948453 4.30340823286605 58.309518948453 4.13278267416375 58.309518948453 3.96215711546145 58.309518948453 3.79153155675913 58.309518948453 4.78815535905406 0 4.60798899385821 10.1824317090664 4.41674766166993 20.7386365106657 4.21716854996822 32.0169521011264 4.03229125641612 43.0117463479551 3.91259098743432 50.4802281487951 7.77821525530512 -4.44089209850063e-16 7.6121008166245 0 7.44598637794389 0 7.27987193926328 0 7.11375750058266 0 6.94764306190205 0 6.78152862322143 0 6.61541418454082 0 6.4492997458602 0 6.28318530717959 0 6.11707086849897 0 5.95095642981836 0 5.78484199113774 0 5.61872755245713 0 5.45261311377651 0 5.2864986750959 0 5.12038423641529 0 4.95426979773467 0 7.23825028158474 47.7425902404571 7.29708014269152 37.8501444857967 7.37750233431153 28.6144017323986 7.47615404882281 19.9444888144663 7.58977938506658 11.7006448245557 7.68120532368004 5.81477766616884 20 27 26 20 21 27 19 26 25 19 20 26 18 19 25 17 25 24 17 18 25 16 24 23 16 17 24 15 23 22 15 22 45 15 16 23 14 45 44 14 15 45 13 44 43 13 14 44 12 43 42 12 13 43 11 42 41 11 12 42 10 41 40 10 11 41 9 10 40 9 40 39 8 9 39 8 39 38 7 8 38 7 38 37 6 7 37 6 37 36 5 6 36 5 36 35 4 5 35 4 35 34 3 4 34 3 34 33 2 3 33 48 32 31 49 31 30 49 48 31 47 32 48 47 33 32 50 30 29 50 49 30 46 2 33 46 33 47 51 50 29 28 51 29 1 2 46 
52 50 1 1.06082030439
-29.6120772034589 -110.513776640949 30 -45.8314712127927 -115.744115662652 30 -62.7034447820338 -118.144469009726 30 -79.737993301077 -117.645124374887 30 -96.4403905737769 -114.260583984098 30 -112.325556912815 -108.089143415392 30 -126.932147075653 -99.3100368477025 30 -139.835948892427 -88.1782316488415 30 -150.66220345588 -75.0170234809226 30 -159.096489063981 -60.208646980004 30 -164.893852818129 -44.1831746994729 30 -167.885924672323 -27.4060267198157 30 -167.985807323393 -10.3644536771652 30 -165.190599927565 6.44661422247415 30 -159.581482348269 22.5389412230545 30 -151.321357488428 37.4451656146237 30 -140.650120179832 50.7323730945875 30 -127.877690032968 62.0146696894952 30 -113.375010590897 70.9643890880298 30 -97.5632761944177 77.3216088960257 30 -80.9016994374941 80.901699437495 30 -89.1217232599239 72.9709657895361 24.5633600192889 -96.8366309010992 62.8590415350943 19.4737386940416 -103.639648619331 50.8593895732931 14.7219882290969 -109.128428125257 37.326850750872 10.2613548298947 -112.965470787272 22.6681488459548 6.01993211932797 -114.590921485373 11.427306382618 2.99167845864277 -115.1387818866 -3.62376795237651e-13 0 57.5693909432998 -99.713110074591 0 47.1050138626046 -112.589559068899 0 34.6555415759283 -123.558459021642 0 20.5637156823553 -132.317829397144 0 5.2174927819379 -138.626519362636 0 -10.9606362071808 -142.310846818419 0 -27.5252774825776 -143.269379972472 0 -44.0203963217956 -141.47572981983 0 -59.991871997638 -136.979276648054 0 -74.9999999999999 -129.903810567666 0 -88.6315973704118 -120.444123494566 0 -100.511377882018 -108.860646409249 0 -110.312283899317 -95.4722795323643 0 -117.764490475236 -80.6476128062679 0 -122.662833797227 -64.7947783880982 0 -124.87245947272 -48.3502145214521 0 -124.332535153164 -31.7666501241595 0 -121.057925285858 -15.5006408838161 0 -18.633846068221 -113.667159759933 24.5633589481641 -6.01920666424989 -115.292503426019 19.4737369507751 7.77429748905977 -115.184263577656 14.7219893373419 22.238195906363 -113.171419913468 10.2613599125465 36.8516071827389 -109.165019601858 6.0199136201243 47.3991321188963 -104.952298125821 2.99167585945485 7.20404273080514 58.309518948453 7.03341717210283 58.309518948453 6.86279161340053 58.309518948453 6.69216605469823 58.309518948453 6.52154049599593 58.309518948453 6.35091493729363 58.309518948453 6.18028937859133 58.309518948453 6.00966381988903 58.309518948453 5.83903826118673 58.309518948453 5.66841270248443 58.309518948453 5.49778714378213 58.309518948453 5.32716158507983 58.309518948453 5.15653602637753 58.309518948453 4.98591046767523 58.309518948453 4.81528490897293 58.309518948453 4.64465935027063 58.309518948453 4.47403379156833 58.309518948453 4.30340823286603 58.309518948453 4.13278267416372 58.309518948453 3.96215711546142 58.309518948453 3.79153155675913 58.309518948453 3.95594648335091 47.7425902262628 4.11777127918302 37.8501444531582 4.27645524918728 28.6144017282876 4.4310753622469 19.944488803167 4.58052257343423 11.7006448676555 4.68637727836177 5.81477772711448 4.78815535905406 0 7.77821525530512 1.77635683940025e-15 7.6121008166245 0 7.44598637794389 0 7.27987193926327 0 7.11375750058266 0 6.94764306190204 0 6.78152862322143 0 6.61541418454082 0 6.4492997458602 0 6.28318530717959 0 6.11707086849897 0 5.95095642981836 0 5.78484199113774 0 5.61872755245713 0 5.45261311377652 0 5.2864986750959 0 5.12038423641529 0 4.95426979773467 0 7.23825029116975 47.7425881607008 7.29708016756144 37.8501410866991 7.37750231249628 28.6144038906166 7.47615392355029 19.9444986445862 7.58977991818603 11.7006088606773 7.68120540466293 5.81477269475085 20 21 22 19 22 23 19 20 22 18 23 24 18 19 23 46 27 28 17 24 25 17 18 24 16 25 26 16 17 25 15 26 27 15 27 46 15 16 26 14 46 45 14 15 46 13 45 44 13 14 45 12 44 43 12 13 44 11 43 42 11 12 43 10 11 42 10 42 41 9 10 41 9 41 40 8 9 40 8 40 39 7 8 39 7 39 38 6 7 38 6 38 37 5 6 37 5 37 36 4 5 36 4 36 35 3 35 34 3 4 35 2 3 34 49 33 32 50 32 31 50 49 32 48 34 33 48 33 49 51 31 30 51 50 31 47 2 34 47 34 48 52 51 30 29 52 30 1 2 47 
5 3 1 0.00165107882760553
-38.9960315585487 -45.6037977237615 0 -39.5312294833862 -45.1362592106597 0.355416061940939 -38.9999999999987 -45.5960524607136 0 -38.998677261077 -45.5986342534364 0 -38.9973544472599 -45.6012160077863 0 3.61513083822957 0 3.60325717642745 0.690804647366511 3.61504381086188 0 3.61507281998444 0 3.61510182910701 0 1 2 5 5 2 4 4 2 3 
13 11 1 0.144365486307715
-32.5693909432999 56.4118398853689 0 -26.5553874787508 59.2172528083021 3.07195590664739 -20.2371811597089 60.9007112258681 6.16818853865762 -13.9052387272814 61.4008064335196 9.30930885454036 -9.10599324014304 60.9626642161527 11.8200600973872 -4.60906328204364 59.8227091969439 14.3699405719684 -34.8621252421696 52.9000916765021 0 -37.0055954976288 49.295297464393 0 -38.9960315585487 45.6037977237615 0 -38.4508074808028 46.06012813784 0.355416043630865 -30.8428719126884 51.4656900496011 4.43623153965939 -21.8235881149533 55.8903480073458 8.2137730501266 -13.3976265821928 58.4850716137227 11.3101072266305 2.54222749932213 0 2.44269811076123 5.97080903824895 2.34952045369894 11.9888035490829 2.26406195613682 18.0940440350274 2.20316856536642 22.9740672740149 2.14848678657508 27.930144042391 2.58416982253142 0 2.62611214574072 0 2.66805446895002 0 2.65623483572211 0.69080461547947 2.51227397745134 8.62248423404981 2.37205993324098 15.9647051768216 2.25748036607894 21.9828970546749 13 5 4 13 6 5 12 3 2 12 4 3 12 13 4 11 2 1 11 1 7 11 12 2 8 11 7 10 11 8 9 10 8 
5 3 1 0.00165731565779882
-38.9999999999987 45.5960524607136 0 -38.4508074808028 46.06012813784 0.355416043630865 -38.9960315585487 45.6037977237615 0 -38.9973544472599 45.6012160077864 0 -38.998677261077 45.5986342534364 0 2.66814149631771 0 2.65623483674473 0.690804650678045 2.66805446895002 0 2.66808347807258 0 2.66811248719514 0 1 2 5 5 2 4 4 2 3 
5 3 1 0.00165110889025314
58.9873397432638 -10.9769645172389 0 58.8547617841732 -11.6669197017989 0.355416231094656 58.9889142718879 -10.9745280953677 0 58.9904887298332 -10.9720916278221 0 58.9920631170986 -10.9696551146043 0 3.61504381086184 0 3.60325717026889 0.690805123252248 3.61507281998441 0 3.61510182910698 0 3.61513083822956 7.99360577730113e-15 5 2 4 4 2 3 3 2 1 
14 12 1 0.177782079191613
-20.6638373300307 -56.3294401427711 0.355416044414343 -29.1491590369435 -52.4435556340632 4.43623153375014 -37.4906671174797 -46.8449557335651 8.21377303829293 -43.9507444354461 -40.8452208130678 11.3101072098361 -49.5034542136279 -33.9029205367214 14.3699405347789 -48.2923763197242 -38.2309408032087 11.8977695481004 -46.3674652214651 -42.4787599511678 9.46251905931349 -43.7644611577489 -46.5293699973705 7.0618962462446 -40.5418648400592 -50.2692415202233 4.69035616982577 -36.7783058932529 -53.5938587402909 2.33972211846747 -32.5693909432999 -56.411839885369 0 -28.3817606332911 -56.6415319278846 0 -24.1881821424592 -56.6954345153141 0 -19.9960315585478 -56.5734528383647 0 2.65623483571187 0.69080461921207 2.51227397766746 8.6224842225643 2.37205993368265 15.9647051538211 2.25748036669167 21.9828970220325 2.14848678737868 27.9301439966944 2.20139423376437 23.1251072969762 2.26015123629144 18.3918311463046 2.32421182130431 13.7258590994136 2.39298182794922 9.11641373198163 2.46585359466996 4.54760238050874 2.54222749932213 0 2.58416982253143 0 2.62611214574074 0 2.66805446895002 0 4 5 6 4 6 7 3 7 8 3 8 9 3 4 7 2 9 10 2 10 11 2 11 12 2 3 9 13 2 12 1 2 13 14 1 13 
5 3 1 0.00165734049271036
-19.9960315585478 -56.5734528383647 0 -20.6638373300307 -56.3294401427711 0.355416044414343 -19.993134282572 -56.5733076356062 0 -19.9902370108096 -56.5731623488012 0 -19.987339743263 -56.5730169779494 0 2.66805446895004 0 2.65623483559475 0.690804621621115 2.66808347807261 0 2.66811248719517 0 2.66814149631773 0 5 2 4 4 2 3 3 2 1 

TShapes 210
Ve
5.10000101438328e-06
54.112517554012 -25.9197886559042 14.3699405345627
0 0

0101101
*
Ve
7.64186758996724e-06
59.1146448065556 10.2693120214926 0.355416035503497
0 0

0101101
*
Ed
 1e-07 1 1 0
1  1 0 0 0.893112529368458
2  1 1 0 0 0.893112529368458
2  2 2 0 0 0.893112529368458
6  1 2 0
6  2 1 0
0

0101000
+210 0 -209 0 *
Ve
5.000001e-06
58.9873397432639 10.9769645172387 0
0 0

0101101
*
Ed
 5e-06 1 1 0
1  2 0 0 0.0697094648070672
2  3 1 0 0 0.0697094648070672
2  4 3 0 0 0.0697094648070672
6  3 3 0
6  4 1 0
0

0101000
+207 0 -209 0 *
Ve
5.000001e-06
-19.9873397432629 56.5730169779494 0
0 0

0101101
*
Ed
 1e-07 1 1 0
1  3 0 0.183985661127085 1.91040944126611
2  5 1 0 0.183985661127085 1.91040944126611
6  5 1 0
6  6 4 0
0

0101000
+207 0 -205 0 *
Ve
5.10000102921554e-06
-19.323531879345 56.8031787465097 0.355416320803352
0 0

0101101
*
Ed
 5e-06 1 1 0
1  4 0 0 0.014515298258515
2  6 1 0 0 0.014515298258515
2  7 3 0 0 0.014515298258515
6  7 5 0
6  8 1 0
0

0101000
+205 0 -203 0 *
Ve
5.000001e-06
44.8526858652422 39.8526858652443 30
0 0

0101101
*
Ed
 5e-06 1 1 0
1  5 0 0 0.989058871051279
2  8 1 0 0 0.989058871051279
2  9 4 0 0 0.989058871051279
6  9 6 0
6  10 1 0
0

0101000
+201 0 -203 0 *
Ve
5.000001e-06
24.878493244157 -54.5990894969913 30
0 0

0101101
*
Ed
 1e-07 1 1 0
1  6 0 0 1.86968590684713
2  10 1 0 0 1.86968590684713
6  11 1 0
6  12 7 0
0

0101000
+201 0 -199 0 *
Ed
 5e-06 1 1 0
1  7 0 0.385620502110943 1
2  11 1 0 0.385620502110943 1
2  12 5 0 0.385620502110943 1
6  13 8 0
6  14 1 0
0

0101000
+210 0 -199 0 *
Wi

0101100
+208 0 -206 0 +204 0 +202 0 -200 0 +198 0 -197 0 *
Fa
0  0 1 0
2  1
0101000
+196 0 *
Ve
5.000001e-06
65.1387818865998 -3.05533376376843e-13 0
0 0

0101101
*
Ed
 5.00000001438328e-06 1 1 0
1  8 0 0 0.495427835794938
2  13 2 0 0 0.495427835794938
2  14 5 0 0 0.495427835794938
6  15 2 0
6  16 8 0
0

0101000
+194 0 -210 0 *
Ve
5.000001e-06
58.992063117098 10.9696551146054 0
0 0

0101101
*
Ed
 1e-07 1 1 0
1  9 0 2.54222749932212 2.66805446895005
2  15 2 0 2.54222749932212 2.66805446895005
6  17 2 0
6  18 4 0
0

0101000
+194 0 -192 0 *
Ed
 5.00000002844945e-06 1 1 0
1  10 0 0.987563169149424 1
2  16 2 0 0.987563169149424 1
2  17 3 0 0.987563169149424 1
6  19 2 0
6  20 3 0
0

0101000
+209 0 -192 0 *
Wi

0101100
-193 0 +191 0 -190 0 -208 0 *
Fa
0  1e-07 2 0
2  2
0101000
+189 0 *
Ve
5.000001e-06
63.9960315585472 -88.905067912984 0
0 0

0101101
*
Ve
5.000001e-06
-20.3932760939724 -106.078397630084 30
0 0

0101101
*
Ed
 5.00000004325712e-06 1 1 0
1  11 0 0 1
2  18 5 0 0 1
2  19 6 0 0 1
6  21 8 0
6  22 9 0
0

0101000
+187 0 -186 0 *
Ed
 1e-07 1 1 0
1  12 0 1.02320501151485 1.72293301065082
2  20 5 0 1.02320501151485 1.72293301065082
6  23 8 0
6  24 7 0
0

0101000
+186 0 -199 0 *
Ed
 1e-07 1 1 0
1  13 0 1.62085691775341 2.54222749932212
2  15 5 0 1.62085691775341 2.54222749932212
6  25 8 0
6  26 4 0
0

0101000
+187 0 -194 0 *
Wi

0101100
-185 0 -184 0 +197 0 +193 0 +183 0 *
Fa
0  1e-07 5 0
2  8
0101000
+182 0 *
Ve
5.000001e-06
97.8578187808445 26.2209235153957 30
0 0

0101101
*
Ed
 1.00005e-07 1 1 0
1  14 0 4.65516537605035 5.27305874709991
2  21 4 0 4.65516537605035 5.27305874709991
6  27 6 0
6  28 7 0
0

0101000
+201 0 -180 0 *
Ve
5.000001e-06
106.078397630084 20.3932760939724 30
0 0

0101101
*
Ed
 1.00005e-07 1 1 0
1  15 0 5.27305874709991 5.38508037268268
2  21 8 0 5.27305874709991 5.38508037268268
6  29 10 0
6  30 7 0
0

0101000
+180 0 -178 0 *
Ed
 1e-07 1 1 0
1  16 0 0 3.36700619578872
2  22 6 0 0 3.36700619578872
6  31 9 0
6  32 7 0
0

0101000
+186 0 -178 0 *
Wi

0101100
-198 0 +179 0 +177 0 -176 0 +184 0 *
Ve
5.000001e-06
34.8449519058151 48.8449519058154 30
0 0

0101101
*
Ve
5.000001e-06
-56.9397813009637 18.9172224546434 30
0 0

0101101
*
Ed
 1e-07 1 1 0
1  17 0 0.951147640009581 2.82083354685666
2  23 9 0 0.951147640009581 2.82083354685666
6  33 11 0
6  34 7 0
0

0101000
+174 0 -173 0 *
Ve
5.000001e-06
-71.6368952654409 71.6368952654445 30
0 0

0101101
*
Ed
 1.00005e-07 1 1 0
1  18 0 4.65516537605038 5.27305874709987
2  21 10 0 4.65516537605038 5.27305874709987
6  35 12 0
6  36 7 0
0

0101000
+173 0 -171 0 *
Ve
5.000001e-06
-70.7002939788095 81.6699490934149 30
0 0

0101101
*
Ed
 1.00005e-07 1 1 0
1  19 0 5.27305874709988 5.38508037268269
2  21 11 0 5.27305874709988 5.38508037268269
6  37 13 0
6  38 7 0
0

0101000
+171 0 -169 0 *
Ve
5.000001e-06
102.063225187388 35.3781036512713 30
0 0

0101101
*
Ed
 1e-07 1 1 0
1  20 0 0 3.3670061957887
2  24 12 0 0 3.3670061957887
6  39 14 0
6  40 7 0
0

0101000
+167 0 -169 0 *
Ed
 1e-07 1 1 0
1  21 0 1.02320501151483 1.72293301065083
2  20 13 0 1.02320501151483 1.72293301065083
6  41 15 0
6  42 7 0
0

0101000
+167 0 -174 0 *
Wi

0101100
+172 0 +170 0 +168 0 -166 0 +165 0 *
Ve
5.000001e-06
-59.7234451499732 5.75413759117674 30
0 0

0101101
*
Ve
5.000001e-06
12.0870954357195 -58.7699083198863 30
0 0

0101101
*
Ed
 1e-07 1 1 0
1  17 0 3.04554274240275 4.91522864924986
2  23 9 0 3.04554274240275 4.91522864924986
6  43 16 0
6  44 7 0
0

0101000
+163 0 -162 0 *
Ve
5.000001e-06
-26.2209235153957 -97.8578187808444 30
0 0

0101101
*
Ed
 1.00005e-07 1 1 0
1  22 0 4.65516537605038 5.27305874709986
2  21 14 0 4.65516537605038 5.27305874709986
6  45 17 0
6  46 7 0
0

0101000
+162 0 -160 0 *
Ve
5.000001e-06
-35.3781036512712 -102.063225187388 30
0 0

0101101
*
Ed
 1.00005e-07 1 1 0
1  23 0 5.27305874709986 5.38508037268268
2  21 15 0 5.27305874709986 5.38508037268268
6  47 18 0
6  48 7 0
0

0101000
+160 0 -158 0 *
Ve
5.000001e-06
-81.6699490934164 70.700293978811 30
0 0

0101101
*
Ed
 1e-07 1 1 0
1  24 0 0 3.36700619578868
2  25 16 0 0 3.36700619578868
6  49 19 0
6  50 7 0
0

0101000
+156 0 -158 0 *
Ed
 1e-07 1 1 0
1  25 0 1.02320501151486 1.72293301065081
2  20 17 0 1.02320501151486 1.72293301065081
6  51 20 0
6  52 7 0
0

0101000
+156 0 -163 0 *
Wi

0101100
+161 0 +159 0 +157 0 -155 0 +154 0 *
Ve
1e-07
40 -9.79717439317883e-15 30
0 0

0101101
*
Ed
 1e-07 1 1 0
1  26 0 0 6.28318530717959
2  26 18 0 0 6.28318530717959
6  53 21 0
6  54 7 0
0

0101000
+152 0 -152 0 *
Wi

0101100
-151 0 *
Ve
5.000001e-06
110.513776640949 29.6120772034589 30
0 0

0101101
*
Ve
5.000001e-06
-29.6120772034589 -110.513776640949 30
0 0

0101101
*
Ed
 1e-07 1 1 0
1  27 0 0 3.41251117404608
2  27 19 0 0 3.41251117404608
6  55 22 0
6  56 7 0
0

0101000
+149 0 -148 0 *
Ve
5.000001e-06
-80.9016994374941 80.901699437495 30
0 0

0101101
*
Ed
 1e-07 1 1 0
1  28 0 0 3.41251117404599
2  28 20 0 0 3.41251117404599
6  57 23 0
6  58 7 0
0

0101000
+146 0 -149 0 *
Ed
 1e-07 1 1 0
1  29 0 0 3.41251117404601
2  29 21 0 0 3.41251117404601
6  59 24 0
6  60 7 0
0

0101000
+148 0 -146 0 *
Wi

0101100
-147 0 -145 0 -144 0 *
Fa
0  0 7 0
2  7
0101000
+175 0 +164 0 +153 0 +150 0 +143 0 *
Ve
5.000001e-06
51.9493345951481 89.9788869381935 0
0 0

0101101
*
Ed
 5.00000004081757e-06 1 1 0
1  30 0 0 1
2  30 4 0 0 1
2  31 8 0 0 1
6  61 6 0
6  62 10 0
0

0101000
+141 0 -180 0 *
Ve
5.000001e-06
-19.9960315585478 56.5734528383647 0
0 0

0101101
*
Ed
 1.00005e-07 1 1 0
1  31 0 3.82133662224992 4.73404994750297
2  32 4 0 3.82133662224992 4.73404994750297
6  63 6 0
6  64 4 0
0

0101000
+139 0 -141 0 *
Ed
 5.00000002921554e-06 1 1 0
1  32 0 0.987618536297975 1
2  33 4 0 0.987618536297975 1
2  34 3 0 0.987618536297975 1
6  65 6 0
6  66 5 0
0

0101000
+203 0 -139 0 *
Wi

0101100
-179 0 +140 0 +138 0 +137 0 +200 0 *
Fa
0  1e-07 4 0
2  6
0101000
+136 0 *
Ed
 1e-07 1 1 0
1  33 0 3.61504381086184 3.61513083822955
2  15 3 0 3.61504381086184 3.61513083822955
6  67 5 0
6  68 4 0
0

0101000
+205 0 -139 0 *
Wi

0101100
-137 0 +134 0 -202 0 *
Fa
0  1e-07 3 0
2  5
0101000
+133 0 *
Ve
5.000001e-06
63.9960315585473 88.9050679129839 0
0 0

0101101
*
Ed
 1.00005e-07 1 1 0
1  34 0 4.73404994750297 4.86853417344648
2  32 8 0 4.73404994750297 4.86853417344648
6  69 10 0
6  70 4 0
0

0101000
+141 0 -131 0 *
Ed
 1e-07 1 1 0
1  35 0 0 2.82930226746622
2  35 6 0 0 2.82930226746622
6  71 9 0
6  72 4 0
0

0101000
+187 0 -131 0 *
Ed
 1e-07 1 1 0
1  33 0 2.66805446895005 2.66814149631774
2  15 3 0 2.66805446895005 2.66814149631774
6  73 3 0
6  74 4 0
0

0101000
+192 0 -207 0 *
Wi

0101100
+204 0 +134 0 +138 0 +130 0 -129 0 +183 0 +191 0 +128 0 *
Ve
5.000001e-06
-38.9999999999987 45.5960524607136 0
0 0

0101101
*
Ve
5.000001e-06
-38.9999999999987 -45.5960524607136 0
0 0

0101101
*
Ed
 1e-07 1 1 0
1  3 0 2.27838076352022 4.00480454365937
2  36 9 0 2.27838076352022 4.00480454365937
6  75 11 0
6  76 4 0
0

0101000
+126 0 -125 0 *
Ve
5.000001e-06
-38.9960315585487 -45.6037977237615 0
0 0

0101101
*
Ed
 1e-07 1 1 0
1  36 0 3.61504381086188 3.61513083822957
2  15 23 0 3.61504381086188 3.61513083822957
6  77 25 0
6  78 4 0
0

0101000
+125 0 -123 0 *
Ve
5.000001e-06
-103.898669190297 4.89563944938709e-12 0
0 0

0101101
*
Ed
 1.00005e-07 1 1 0
1  37 0 3.82133662224989 4.73404994750302
2  32 10 0 3.82133662224989 4.73404994750302
6  79 12 0
6  80 4 0
0

0101000
+123 0 -121 0 *
Ve
5.000001e-06
-108.992063117098 10.9696551146053 0
0 0

0101101
*
Ed
 1.00005e-07 1 1 0
1  38 0 4.73404994750302 4.86853417344652
2  32 11 0 4.73404994750302 4.86853417344652
6  81 13 0
6  82 4 0
0

0101000
+121 0 -119 0 *
Ve
5.000001e-06
44.9960315585502 99.8747230275855 0
0 0

0101101
*
Ed
 1e-07 1 1 0
1  39 0 0 2.82930226746616
2  37 12 0 0 2.82930226746616
6  83 14 0
6  84 4 0
0

0101000
+117 0 -119 0 *
Ve
5.000001e-06
-32.5693909432999 56.4118398853689 0
0 0

0101101
*
Ed
 1e-07 1 1 0
1  40 0 1.62085691775342 2.54222749932213
2  15 13 0 1.62085691775342 2.54222749932213
6  85 15 0
6  86 4 0
0

0101000
+117 0 -115 0 *
Ve
5.000001e-06
-38.9960315585487 45.6037977237615 0
0 0

0101101
*
Ed
 1e-07 1 1 0
1  41 0 2.54222749932213 2.66805446895002
2  15 24 0 2.54222749932213 2.66805446895002
6  87 26 0
6  88 4 0
0

0101000
+115 0 -113 0 *
Ed
 1e-07 1 1 0
1  36 0 2.66805446895002 2.66814149631771
2  15 23 0 2.66805446895002 2.66814149631771
6  89 27 0
6  90 4 0
0

0101000
+113 0 -126 0 *
Wi

0101100
+124 0 +122 0 +120 0 +118 0 -116 0 +114 0 +112 0 +111 0 *
Ve
5.000001e-06
-19.987339743263 -56.5730169779494 0
0 0

0101101
*
Ve
5.000001e-06
58.9873397432638 -10.9769645172389 0
0 0

0101101
*
Ed
 1e-07 1 1 0
1  3 0 4.37277586591347 6.0991996460525
2  36 9 0 4.37277586591347 6.0991996460525
6  91 16 0
6  92 4 0
0

0101000
+109 0 -108 0 *
Ve
5.000001e-06
58.9920631170986 -10.9696551146043 0
0 0

0101101
*
Ed
 1e-07 1 1 0
1  42 0 3.61504381086184 3.61513083822955
2  15 25 0 3.61504381086184 3.61513083822955
6  93 28 0
6  94 4 0
0

0101000
+108 0 -106 0 *
Ve
5.000001e-06
51.9493345951482 -89.9788869381934 0
0 0

0101101
*
Ed
 1.00005e-07 1 1 0
1  43 0 3.82133662224992 4.73404994750298
2  32 14 0 3.82133662224992 4.73404994750298
6  95 17 0
6  96 4 0
0

0101000
+106 0 -104 0 *
Ve
5.000001e-06
44.9960315585503 -99.8747230275854 0
0 0

0101101
*
Ed
 1.00005e-07 1 1 0
1  44 0 4.73404994750298 4.86853417344649
2  32 15 0 4.73404994750298 4.86853417344649
6  97 18 0
6  98 4 0
0

0101000
+104 0 -102 0 *
Ve
5.000001e-06
-108.992063117099 -10.9696551146044 0
0 0

0101101
*
Ed
 1e-07 1 1 0
1  45 0 0 2.82930226746617
2  38 16 0 0 2.82930226746617
6  99 19 0
6  100 4 0
0

0101000
+100 0 -102 0 *
Ve
5.000001e-06
-32.5693909432999 -56.411839885369 0
0 0

0101101
*
Ed
 1e-07 1 1 0
1  46 0 1.62085691775344 2.54222749932213
2  15 17 0 1.62085691775344 2.54222749932213
6  101 20 0
6  102 4 0
0

0101000
+100 0 -98 0 *
Ve
5.000001e-06
-19.9960315585478 -56.5734528383647 0
0 0

0101101
*
Ed
 1e-07 1 1 0
1  47 0 2.54222749932213 2.66805446895004
2  15 26 0 2.54222749932213 2.66805446895004
6  103 29 0
6  104 4 0
0

0101000
+98 0 -96 0 *
Ed
 1e-07 1 1 0
1  42 0 2.66805446895004 2.66814149631774
2  15 25 0 2.66805446895004 2.66814149631774
6  105 30 0
6  106 4 0
0

0101000
+96 0 -109 0 *
Wi

0101100
+107 0 +105 0 +103 0 +101 0 -99 0 +97 0 +95 0 +94 0 *
Ve
1e-07
40 -9.79717439317883e-15 0
0 0

0101101
*
Ed
 1e-07 1 1 0
1  48 0 0 6.28318530717959
2  39 18 0 0 6.28318530717959
6  107 21 0
6  108 4 0
0

0101000
+92 0 -92 0 *
Wi

0101100
-91 0 *
Ve
5.000001e-06
57.5693909432998 99.713110074591 0
0 0

0101101
*
Ve
5.000001e-06
57.5693909432998 -99.713110074591 0
0 0

0101101
*
Ed
 1e-07 1 1 0
1  49 0 0 2.99005989625106
2  40 19 0 0 2.99005989625106
6  109 22 0
6  110 4 0
0

0101000
+89 0 -88 0 *
Ve
5.000001e-06
-115.1387818866 -3.62376795237651e-13 0
0 0

0101101
*
Ed
 1e-07 1 1 0
1  50 0 0 2.99005989625106
2  41 20 0 0 2.99005989625106
6  111 23 0
6  112 4 0
0

0101000
+86 0 -89 0 *
Ed
 1e-07 1 1 0
1  51 0 0 2.99005989625106
2  42 21 0 0 2.99005989625106
6  113 24 0
6  114 4 0
0

0101000
+88 0 -86 0 *
Wi

0101100
-87 0 -85 0 -84 0 *
Fa
0  0 22 0
2  4
0101000
+127 0 +110 0 +93 0 +90 0 +83 0 *
Wi

0101100
+206 0 +128 0 +190 0 *
Fa
0  1e-07 3 0
2  3
0101000
+81 0 *
Ed
 5.00000003557152e-06 1 1 0
1  52 0 0 1
2  43 6 0 0 1
2  44 8 0 0 1
6  115 9 0
6  116 10 0
0

0101000
+178 0 -131 0 *
Wi

0101100
+176 0 +79 0 -129 0 +185 0 *
Fa
0  1e-07 6 0
2  9
0101000
+78 0 *
Ve
5.10000102741869e-06
-39.5312294833862 -45.1362592106597 0.355416061940939
0 0

0101101
*
Ed
 5e-06 1 1 0
1  53 0 0 0.989058878960356
2  45 9 0 0 0.989058878960356
2  46 10 0 0 0.989058878960356
6  117 12 0
6  118 11 0
0

0101000
+173 0 -76 0 *
Ed
 5e-06 1 1 0
1  54 0 0 0.0145152875900301
2  47 9 0 0 0.0145152875900301
2  48 23 0 0 0.0145152875900301
6  119 25 0
6  120 11 0
0

0101000
+125 0 -76 0 *
Ve
7.72148544546961e-06
-38.4508074808028 46.06012813784 0.355416043630865
0 0

0101101
*
Ed
 5e-06 1 1 0
1  55 0 0 0.0185983517434433
2  49 9 0 0 0.0185983517434433
2  50 23 0 0 0.0185983517434433
6  121 27 0
6  122 11 0
0

0101000
+126 0 -73 0 *
Ve
5.10000102204401e-06
-4.60906328204364 59.8227091969439 14.3699405719684
0 0

0101101
*
Ed
 5e-06 1 1 0
1  56 0 0.0153504580530607 0.710446475832459
2  51 9 0 0.0153504580530607 0.710446475832459
2  52 24 0 0.0153504580530607 0.710446475832459
6  123 26 0
6  124 11 0
0

0101000
+73 0 -71 0 *
Ed
 5e-06 1 1 0
1  57 0 0.412504169375243 1
2  53 9 0 0.412504169375243 1
2  54 13 0 0.412504169375243 1
6  125 15 0
6  126 11 0
0

0101000
+71 0 -174 0 *
Wi

0101100
-172 0 -75 0 +74 0 +124 0 -72 0 -70 0 -69 0 *
Fa
0  1e-07 9 0
2  11
0101000
+68 0 *
Ve
5.10000102131628e-06
58.8547617841732 -11.6669197017989 0.355416231094656
0 0

0101101
*
Ed
 5e-06 1 1 0
1  58 0 0 0.989058873769255
2  55 9 0 0 0.989058873769255
2  56 14 0 0 0.989058873769255
6  127 17 0
6  128 16 0
0

0101000
+162 0 -66 0 *
Ed
 5e-06 1 1 0
1  59 0 0 0.014515294592118
2  57 9 0 0 0.014515294592118
2  58 25 0 0 0.014515294592118
6  129 28 0
6  130 16 0
0

0101000
+108 0 -66 0 *
Ve
7.76579235795995e-06
-20.6638373300307 -56.3294401427711 0.355416044414343
0 0

0101101
*
Ed
 5e-06 1 1 0
1  60 0 0 0.0185983517844726
2  59 9 0 0 0.0185983517844726
2  60 25 0 0 0.0185983517844726
6  131 30 0
6  132 16 0
0

0101000
+109 0 -63 0 *
Ve
5.10000102568049e-06
-49.5034542136279 -33.9029205367214 14.3699405347789
0 0

0101101
*
Ed
 5e-06 1 1 0
1  61 0 0.0153504580871269 0.710446474684946
2  61 9 0 0.0153504580871269 0.710446474684946
2  62 26 0 0.0153504580871269 0.710446474684946
6  133 29 0
6  134 16 0
0

0101000
+63 0 -61 0 *
Ed
 5e-06 1 1 0
1  62 0 0.412504168511692 1
2  63 9 0 0.412504168511692 1
2  64 17 0 0.412504168511692 1
6  135 20 0
6  136 16 0
0

0101000
+61 0 -163 0 *
Wi

0101100
-65 0 +64 0 +107 0 -62 0 -60 0 -59 0 -161 0 *
Fa
0  1e-07 9 0
2  16
0101000
+58 0 *
Ed
 1e-07 1 1 0
1  63 0 0 30
3  65 66C0 18 0 0 30
7  137 138 21 0
0

0101000
-152 0 +92 0 *
Wi

0101100
-151 0 +56 0 +91 0 -56 0 *
Fa
0  1e-07 18 0
2  21
0101000
+55 0 *
Wi

0101100
+130 0 -140 0 -177 0 -79 0 *
Fa
0  1e-07 8 0
2  10
0101000
+53 0 *
Ed
 5.00000004266956e-06 1 1 0
1  64 0 0 1
2  67 19 0 0 1
2  68 21 0 0 1
6  139 22 0
6  140 24 0
0

0101000
+148 0 -88 0 *
Ed
 5.00000005123797e-06 1 1 0
1  65 0 0 1
2  69 19 0 0 1
2  70 20 0 0 1
6  141 22 0
6  142 23 0
0

0101000
+89 0 -149 0 *
Wi

0101100
+147 0 +51 0 -87 0 +50 0 *
Fa
0  0 19 0
2  22
0101000
+49 0 *
Ed
 5.00000003480934e-06 1 1 0
1  66 0 0 1
2  71 20 0 0 1
2  72 21 0 0 1
6  143 23 0
6  144 24 0
0

0101000
+146 0 -86 0 *
Wi

0101100
+145 0 -50 0 -85 0 -47 0 *
Fa
0  1e-07 20 0
2  23
0101000
+46 0 *
Wi

0101100
+144 0 +47 0 -84 0 -51 0 *
Fa
0  1e-07 21 0
2  24
0101000
+44 0 *
Ed
 5.00000002131628e-06 1 1 0
1  67 0 0.987618776150722 1
2  73 25 0 0.987618776150722 1
2  74 14 0 0.987618776150722 1
6  145 28 0
6  146 17 0
0

0101000
+66 0 -106 0 *
Wi

0101100
-64 0 -42 0 +105 0 *
Fa
0  1e-07 25 0
2  28
0101000
+41 0 *
Ed
 5.00000002409568e-06 1 1 0
1  68 0 0.987563167635871 1
2  75 23 0 0.987563167635871 1
2  76 24 0 0.987563167635871 1
6  147 27 0
6  148 26 0
0

0101000
+73 0 -113 0 *
Wi

0101100
+72 0 +111 0 +39 0 *
Fa
0  1e-07 23 0
2  27
0101000
+38 0 *
Ed
 5.00000002204401e-06 1 1 0
1  69 0 0 0.495396356456477
2  77 24 0 0 0.495396356456477
2  78 13 0 0 0.495396356456477
6  149 26 0
6  150 15 0
0

0101000
+115 0 -71 0 *
Wi

0101100
-36 0 +70 0 -39 0 +112 0 *
Fa
0  1e-07 24 0
2  26
0101000
+35 0 *
Ed
 5.00000004769775e-06 1 1 0
1  70 0 0 1
2  79 13 0 0 1
2  80 12 0 0 1
6  151 15 0
6  152 14 0
0

0101000
+167 0 -117 0 *
Wi

0101100
-165 0 +69 0 +36 0 +114 0 +33 0 *
Fa
0  1e-07 13 0
2  15
0101000
+32 0 *
Ed
 5.00000004796164e-06 1 1 0
1  71 0 0 1
2  81 12 0 0 1
2  82 11 0 0 1
6  153 14 0
6  154 13 0
0

0101000
+119 0 -169 0 *
Wi

0101100
+166 0 -30 0 -116 0 -33 0 *
Fa
0  1e-07 12 0
2  14
0101000
+29 0 *
Ed
 5.0000000428172e-06 1 1 0
1  72 0 0 1
2  83 11 0 0 1
2  84 10 0 0 1
6  155 13 0
6  156 12 0
0

0101000
+171 0 -121 0 *
Wi

0101100
+118 0 +27 0 -168 0 +30 0 *
Fa
0  1e-07 11 0
2  13
0101000
+26 0 *
Ed
 5.00000002741869e-06 1 1 0
1  73 0 0 0.0123811729546065
2  85 10 0 0 0.0123811729546065
2  86 23 0 0 0.0123811729546065
6  157 12 0
6  158 25 0
0

0101000
+123 0 -76 0 *
Wi

0101100
-24 0 +75 0 -170 0 -27 0 +120 0 *
Fa
0  1e-07 10 0
2  12
0101000
+23 0 *
Wi

0101100
+24 0 +122 0 -74 0 *
Fa
0  1e-07 23 0
2  25
0101000
+21 0 *
Ed
 5.00000001811536e-06 1 1 0
1  74 0 0 0.012436817127075
2  87 25 0 0 0.012436817127075
2  88 26 0 0 0.012436817127075
6  159 30 0
6  160 29 0
0

0101000
+96 0 -63 0 *
Wi

0101100
-19 0 +62 0 +94 0 *
Fa
0  1e-07 25 0
2  30
0101000
+18 0 *
Ed
 5.00000002568049e-06 1 1 0
1  75 0 0.50457216591157 1
2  89 26 0 0.50457216591157 1
2  90 17 0 0.50457216591157 1
6  161 29 0
6  162 20 0
0

0101000
+61 0 -98 0 *
Wi

0101100
+60 0 +19 0 +95 0 +16 0 *
Fa
0  1e-07 26 0
2  29
0101000
+15 0 *
Ed
 5.0000000428172e-06 1 1 0
1  76 0 0 1
2  91 17 0 0 1
2  92 16 0 0 1
6  163 20 0
6  164 19 0
0

0101000
+100 0 -156 0 *
Wi

0101100
-13 0 -154 0 +59 0 -16 0 +97 0 *
Fa
0  1e-07 17 0
2  20
0101000
+12 0 *
Ed
 5.00000005732063e-06 1 1 0
1  77 0 0 1
2  93 16 0 0 1
2  94 15 0 0 1
6  165 19 0
6  166 18 0
0

0101000
+102 0 -158 0 *
Wi

0101100
+155 0 -10 0 -99 0 +13 0 *
Fa
0  1e-07 16 0
2  19
0101000
+9 0 *
Ed
 5.00000004387278e-06 1 1 0
1  78 0 0 1
2  95 15 0 0 1
2  96 14 0 0 1
6  167 18 0
6  168 17 0
0

0101000
+160 0 -104 0 *
Wi

0101100
+101 0 +7 0 -157 0 +10 0 *
Fa
0  1e-07 15 0
2  18
0101000
+6 0 *
Wi

0101100
+65 0 -159 0 -7 0 +103 0 +42 0 *
Fa
0  1e-07 14 0
2  17
0101000
+4 0 *
Sh

0101100
+195 0 +188 0 +181 0 +142 0 +135 0 +132 0 -82 0 +80 0 +77 0 +67 0 
+57 0 -54 0 +52 0 +48 0 +45 0 +43 0 +40 0 +37 0 +34 0 +31 0 
+28 0 +25 0 +22 0 +20 0 +17 0 +14 0 +11 0 +8 0 +5 0 +3 0 
*
So

1100000
+2 0 *

+1 0 